img_path,label
train/390.png,0
train/82.png,1
train/267.png,1
train/195.png,1
train/301.png,1
train/295.png,1
train/494.png,1
train/460.png,1
train/180.png,1
train/481.png,0
train/262.png,0
train/457.png,0
train/178.png,0
train/132.png,1
train/414.png,1
train/499.png,0
train/126.png,1
train/67.png,0
train/309.png,1
train/249.png,1
train/199.png,1
train/291.png,1
train/268.png,0
train/362.png,1
train/69.png,0
train/14.png,0
train/359.png,1
train/79.png,1
train/122.png,0
train/241.png,1
train/138.png,1
train/247.png,1
train/311.png,0
train/219.png,0
train/354.png,1
train/269.png,1
train/6.png,0
train/80.png,0
train/66.png,0
train/54.png,0
train/388.png,1
train/477.png,1
train/256.png,1
train/8.png,1
train/58.png,0
train/34.png,1
train/319.png,1
train/470.png,0
train/327.png,1
train/422.png,1
train/437.png,0
train/45.png,0
train/56.png,0
train/31.png,0
train/446.png,1
train/420.png,1
train/206.png,0
train/389.png,1
train/129.png,0
train/497.png,1
train/240.png,1
train/426.png,0
train/217.png,0
train/51.png,1
train/2128.png,0
train/1183.png,0
train/2662.png,0
train/5374.png,0
train/3549.png,0
train/4356.png,0
train/1502.png,0
train/3586.png,0
train/4321.png,0
train/938.png,0
train/686.png,0
train/2031.png,0
train/2842.png,0
train/5117.png,0
train/1757.png,0
train/3985.png,0
train/647.png,0
train/3591.png,0
train/5829.png,0
train/747.png,0
train/5778.png,0
train/5489.png,0
train/4065.png,0
train/3308.png,0
train/2693.png,0
train/4062.png,0
train/5681.png,0
train/4809.png,0
train/5002.png,0
train/1543.png,0
train/5338.png,0
train/4391.png,0
train/3615.png,0
train/729.png,0
train/1863.png,0
train/4697.png,0
train/2590.png,0
train/5030.png,0
train/5554.png,0
train/4376.png,0
train/590.png,0
train/1763.png,0
train/3468.png,0
train/1055.png,0
train/5119.png,0
train/4183.png,0
train/1204.png,0
train/5531.png,0
train/2799.png,0
train/5914.png,0
train/4537.png,0
train/4771.png,0
train/1702.png,0
train/4957.png,0
train/1759.png,0
train/4026.png,0
train/3377.png,0
train/4549.png,0
train/1905.png,0
train/5618.png,0
train/961.png,0
train/5602.png,0
train/2038.png,0
train/1647.png,0
train/5813.png,0
train/2306.png,0
train/3728.png,0
train/2726.png,0
train/3691.png,0
train/4361.png,0
train/1004.png,0
train/887.png,0
train/1389.png,0
train/3481.png,0
train/3674.png,0
train/4106.png,0
train/5667.png,1
train/2870.png,0
train/1469.png,0
train/1385.png,0
train/2220.png,0
train/3264.png,0
train/1678.png,0
train/2944.png,0
train/3047.png,1
train/807.png,0
train/3245.png,0
train/2256.png,0
train/5126.png,0
train/5422.png,1
train/2778.png,1
train/2503.png,0
train/4404.png,0
train/4059.png,0
train/4663.png,0
train/5113.png,0
train/703.png,0
train/5786.png,0
train/1590.png,0
train/4272.png,0
train/4430.png,0
train/5314.png,0
train/1937.png,0
train/5689.png,0
train/4349.png,0
train/5134.png,0
train/932.png,0
train/3675.png,0
train/1800.png,0
train/1998.png,0
train/1589.png,0
train/5827.png,0
train/2327.png,0
train/3908.png,1
train/4313.png,0
train/4085.png,0
train/4187.png,0
train/2442.png,0
train/1423.png,0
train/1769.png,0
train/973.png,0
train/5311.png,1
train/3136.png,0
train/5639.png,0
train/1106.png,0
train/993.png,0
train/4304.png,0
train/2643.png,0
train/1623.png,0
train/4086.png,0
train/4612.png,0
train/1108.png,0
train/4891.png,0
train/4777.png,0
train/5345.png,0
train/2383.png,0
train/1114.png,0
train/5888.png,0
train/1641.png,0
train/4542.png,0
train/1484.png,0
train/3155.png,0
train/3482.png,0
train/3470.png,0
train/2635.png,0
train/5226.png,0
train/5510.png,0
train/5043.png,0
train/2069.png,1
train/2315.png,0
train/4718.png,0
train/5165.png,0
train/2124.png,0
train/2794.png,0
train/2485.png,0
train/5818.png,0
train/2159.png,0
train/628.png,0
train/2376.png,0
train/2819.png,0
train/5737.png,0
train/4914.png,0
train/4782.png,1
train/3094.png,1
train/1659.png,0
train/1858.png,0
train/2420.png,0
train/3425.png,0
train/2150.png,0
train/1957.png,0
train/5885.png,0
train/2296.png,0
train/2083.png,0
train/1134.png,1
train/3814.png,0
train/1263.png,0
train/2275.png,0
train/5645.png,0
train/1803.png,0
train/2003.png,0
train/4725.png,0
train/1667.png,0
train/4722.png,0
train/1370.png,0
train/1203.png,0
train/1250.png,0
train/2658.png,0
train/2026.png,0
train/1209.png,0
train/2539.png,0
train/2831.png,0
train/5029.png,0
train/2210.png,0
train/3929.png,0
train/4329.png,0
train/4999.png,0
train/1990.png,0
train/1321.png,0
train/1504.png,0
train/2905.png,0
train/5344.png,0
train/1197.png,0
train/2183.png,0
train/649.png,0
train/1624.png,0
train/1943.png,0
train/3191.png,0
train/5146.png,0
train/4753.png,1
train/4906.png,1
train/619.png,0
train/3894.png,1
train/684.png,0
train/2326.png,0
train/956.png,0
train/5005.png,0
train/4808.png,0
train/1479.png,0
train/1157.png,0
train/2398.png,0
train/1309.png,1
train/2856.png,0
train/4960.png,0
train/4882.png,0
train/1798.png,0
train/3304.png,0
train/1578.png,0
train/4879.png,0
train/4553.png,0
train/2626.png,0
train/1693.png,0
train/3370.png,0
train/3960.png,0
train/5426.png,0
train/1530.png,0
train/3180.png,0
train/2982.png,0
train/4526.png,0
train/2785.png,0
train/1928.png,0
train/4513.png,0
train/4823.png,0
train/1817.png,0
train/3637.png,0
train/873.png,0
train/4324.png,0
train/785.png,0
train/2043.png,0
train/4084.png,0
train/3661.png,0
train/4953.png,0
train/3217.png,1
train/1710.png,1
train/3296.png,0
train/4732.png,0
train/2344.png,0
train/4170.png,0
train/1652.png,1
train/5583.png,0
train/1403.png,1
train/4834.png,0
train/2165.png,0
train/4461.png,1
train/5697.png,1
train/3278.png,0
train/3251.png,0
train/847.png,0
train/5925.png,0
train/4531.png,0
train/981.png,0
train/4852.png,0
train/3282.png,0
train/4984.png,0
train/2629.png,0
train/3938.png,0
train/3761.png,0
train/2368.png,0
train/1237.png,0
train/1377.png,0
train/3727.png,0
train/5024.png,0
train/1644.png,0
train/4543.png,0
train/5417.png,0
train/702.png,0
train/1805.png,0
train/2913.png,0
train/1796.png,0
train/1069.png,0
train/3452.png,0
train/2169.png,1
train/5102.png,0
train/4602.png,0
train/967.png,0
train/5691.png,0
train/1104.png,0
train/912.png,0
train/3946.png,0
train/1665.png,0
train/4176.png,0
train/984.png,0
train/1552.png,0
train/4081.png,0
train/1078.png,0
train/4011.png,0
train/2055.png,0
train/5569.png,0
train/4186.png,0
train/1735.png,0
train/4482.png,0
train/4540.png,1
train/4737.png,0
train/1971.png,0
train/4466.png,0
train/4913.png,0
train/1021.png,1
train/4987.png,0
train/721.png,0
train/4037.png,1
train/4314.png,0
train/4229.png,0
train/1459.png,0
train/622.png,1
train/3628.png,0
train/1582.png,0
train/5163.png,0
train/4580.png,0
train/5003.png,0
train/3903.png,0
train/1753.png,0
train/632.png,0
train/3563.png,0
train/1728.png,0
train/4317.png,0
train/5627.png,0
train/910.png,0
train/2970.png,0
train/5067.png,0
train/4111.png,0
train/4921.png,0
train/3014.png,0
train/3624.png,0
train/1267.png,0
train/1960.png,0
train/4880.png,0
train/4648.png,0
train/4966.png,0
train/3320.png,0
train/4993.png,0
train/2221.png,0
train/4701.png,0
train/2258.png,0
train/3128.png,0
train/2212.png,0
train/4092.png,0
train/5139.png,0
train/4571.png,0
train/2718.png,0
train/4454.png,0
train/3710.png,0
train/3947.png,0
train/2884.png,0
train/4910.png,0
train/1723.png,0
train/928.png,0
train/2460.png,0
train/2919.png,0
train/3151.png,0
train/3546.png,0
train/3528.png,0
train/5662.png,0
train/5335.png,0
train/2807.png,1
train/1395.png,0
train/4541.png,0
train/4971.png,0
train/2792.png,0
train/1497.png,0
train/1683.png,0
train/4267.png,0
train/882.png,0
train/2749.png,0
train/5568.png,0
train/4657.png,0
train/5597.png,0
train/1612.png,0
train/681.png,0
train/1329.png,0
train/4995.png,0
train/4774.png,0
train/3519.png,0
train/5122.png,0
train/5547.png,0
train/2931.png,0
train/3272.png,0
train/3379.png,0
train/3174.png,1
train/5857.png,0
train/4175.png,0
train/5767.png,0
train/3019.png,0
train/2201.png,0
train/773.png,0
train/992.png,0
train/2937.png,0
train/5704.png,0
train/1962.png,0
train/4529.png,0
train/5439.png,0
train/1859.png,0
train/3845.png,0
train/1682.png,0
train/1613.png,0
train/2469.png,0
train/4417.png,0
train/5407.png,0
train/780.png,0
train/4653.png,0
train/1274.png,0
train/3459.png,0
train/3559.png,0
train/4858.png,0
train/2775.png,0
train/3484.png,0
train/2164.png,0
train/2653.png,0
train/5927.png,1
train/2523.png,0
train/3644.png,0
train/1418.png,0
train/1727.png,0
train/5001.png,0
train/3766.png,0
train/2125.png,0
train/2353.png,0
train/3079.png,0
train/3494.png,0
train/5369.png,0
train/5183.png,1
train/1848.png,0
train/2065.png,0
train/3878.png,0
train/3096.png,0
train/3850.png,0
train/917.png,0
train/4140.png,0
train/2921.png,0
train/1248.png,0
train/4246.png,0
train/663.png,0
train/2121.png,0
train/3139.png,0
train/1317.png,0
train/1762.png,0
train/1452.png,0
train/3604.png,0
train/5068.png,0
train/4381.png,0
train/865.png,0
train/5865.png,0
train/3101.png,0
train/2379.png,0
train/5312.png,1
train/1476.png,0
train/3100.png,1
train/3269.png,0
train/5758.png,1
train/3015.png,0
train/1382.png,0
train/3539.png,0
train/2241.png,0
train/4007.png,0
train/2421.png,0
train/5027.png,0
train/3399.png,0
train/3994.png,0
train/2175.png,0
train/3735.png,0
train/1409.png,0
train/2170.png,0
train/5906.png,1
train/1585.png,0
train/1383.png,0
train/2642.png,0
train/5193.png,0
train/4320.png,0
train/4385.png,0
train/3290.png,0
train/962.png,0
train/5938.png,0
train/723.png,0
train/1584.png,0
train/3887.png,0
train/654.png,0
train/4587.png,0
train/5935.png,0
train/3486.png,0
train/1053.png,0
train/1772.png,1
train/1941.png,0
train/3979.png,0
train/988.png,0
train/4395.png,0
train/1470.png,0
train/2961.png,0
train/5916.png,0
train/3687.png,0
train/2130.png,0
train/4886.png,0
train/893.png,0
train/4974.png,0
train/3229.png,0
train/1657.png,0
train/5293.png,0
train/2566.png,0
train/5456.png,0
train/3462.png,0
train/5441.png,0
train/5451.png,0
train/4735.png,0
train/1400.png,0
train/4429.png,0
train/5452.png,0
train/4789.png,0
train/1631.png,0
train/1628.png,0
train/5182.png,0
train/5069.png,0
train/5730.png,0
train/4796.png,0
train/1718.png,0
train/2953.png,0
train/2551.png,0
train/5817.png,0
train/2808.png,0
train/2991.png,0
train/2395.png,0
train/1487.png,0
train/2088.png,0
train/2228.png,0
train/990.png,0
train/2850.png,0
train/3801.png,1
train/2451.png,0
train/1462.png,1
train/1220.png,0
train/4885.png,0
train/2348.png,0
train/860.png,0
train/1570.png,0
train/2108.png,0
train/3787.png,0
train/1550.png,0
train/2618.png,0
train/4340.png,0
train/2054.png,0
train/5577.png,0
train/2767.png,0
train/5647.png,0
train/1271.png,0
train/926.png,0
train/5239.png,0
train/5671.png,0
train/3451.png,0
train/5668.png,0
train/2756.png,0
train/3793.png,0
train/2206.png,0
train/4235.png,0
train/4608.png,0
train/4600.png,0
train/4836.png,0
train/1862.png,0
train/4749.png,0
train/5280.png,0
train/2270.png,0
train/4868.png,0
train/1686.png,0
train/3049.png,0
train/3688.png,0
train/2408.png,0
train/4519.png,0
train/1151.png,0
train/3623.png,0
train/4483.png,0
train/1873.png,0
train/3198.png,0
train/2198.png,0
train/5534.png,0
train/2581.png,0
train/5083.png,0
train/2177.png,0
train/1583.png,0
train/1704.png,0
train/1529.png,0
train/1071.png,1
train/1131.png,0
train/3055.png,1
train/4496.png,0
train/5809.png,0
train/3300.png,0
train/1861.png,0
train/2185.png,0
train/3743.png,0
train/4427.png,0
train/5181.png,1
train/2904.png,0
train/2527.png,0
train/5532.png,0
train/2568.png,0
train/3317.png,0
train/5648.png,0
train/5907.png,0
train/4264.png,0
train/3923.png,0
train/3999.png,0
train/2562.png,0
train/1399.png,0
train/2810.png,0
train/3303.png,0
train/2980.png,0
train/3706.png,0
train/4902.png,0
train/2086.png,0
train/4061.png,0
train/677.png,1
train/4563.png,0
train/4073.png,0
train/2288.png,0
train/796.png,0
train/5342.png,0
train/2829.png,0
train/2704.png,0
train/3650.png,0
train/5634.png,0
train/3836.png,0
train/5100.png,1
train/2990.png,0
train/2812.png,0
train/5040.png,0
train/2372.png,0
train/1065.png,0
train/688.png,0
train/2488.png,0
train/2484.png,0
train/3736.png,0
train/3968.png,0
train/5473.png,0
train/2248.png,1
train/745.png,0
train/5586.png,1
train/3897.png,0
train/4117.png,0
train/4350.png,0
train/824.png,1
train/2517.png,0
train/3413.png,0
train/3898.png,0
train/4633.png,0
train/1856.png,0
train/5205.png,0
train/1995.png,0
train/5058.png,0
train/930.png,0
train/2544.png,0
train/995.png,0
train/2428.png,0
train/5279.png,0
train/798.png,0
train/1023.png,0
train/1083.png,0
train/1049.png,0
train/1801.png,0
train/5657.png,0
train/4328.png,0
train/3160.png,1
train/3572.png,0
train/5847.png,1
train/1953.png,0
train/2518.png,0
train/5428.png,0
train/2547.png,0
train/4572.png,0
train/1599.png,0
train/4091.png,0
train/850.png,0
train/960.png,0
train/1158.png,0
train/4144.png,0
train/2766.png,0
train/5849.png,0
train/4804.png,0
train/4642.png,0
train/4926.png,0
train/2869.png,0
train/4031.png,0
train/2771.png,0
train/3274.png,0
train/3395.png,0
train/5660.png,1
train/3012.png,0
train/4673.png,0
train/2730.png,1
train/2246.png,0
train/909.png,0
train/2323.png,0
train/5923.png,0
train/5256.png,0
train/5188.png,0
train/4917.png,0
train/5380.png,0
train/5717.png,0
train/3930.png,0
train/3554.png,0
train/5050.png,0
train/3122.png,0
train/2104.png,0
train/2579.png,0
train/4919.png,0
train/3951.png,0
train/2367.png,0
train/4489.png,0
train/4127.png,0
train/4712.png,0
train/4035.png,0
train/4922.png,0
train/3961.png,0
train/2721.png,0
train/1190.png,0
train/3925.png,0
train/1207.png,0
train/1730.png,0
train/5719.png,0
train/4680.png,0
train/5910.png,0
train/1251.png,0
train/2876.png,0
train/2030.png,0
train/3806.png,0
train/5924.png,0
train/1146.png,0
train/3009.png,0
train/2497.png,0
train/5111.png,0
train/1443.png,0
train/5713.png,0
train/3643.png,0
train/3157.png,0
train/5607.png,0
train/2687.png,0
train/840.png,0
train/5728.png,0
train/2156.png,0
train/1885.png,1
train/2494.png,1
train/2545.png,0
train/3988.png,0
train/5133.png,0
train/670.png,0
train/4043.png,0
train/5733.png,0
train/907.png,0
train/3442.png,1
train/5711.png,0
train/3385.png,0
train/4245.png,0
train/2301.png,0
train/4714.png,1
train/1361.png,0
train/726.png,0
train/2927.png,0
train/662.png,0
train/2543.png,0
train/1365.png,0
train/5486.png,0
train/5537.png,1
train/4044.png,0
train/4274.png,1
train/3839.png,0
train/2197.png,1
train/5170.png,0
train/3583.png,0
train/5065.png,0
train/1544.png,0
train/1496.png,0
train/5616.png,0
train/2654.png,1
train/3537.png,0
train/2089.png,0
train/3844.png,1
train/694.png,0
train/2250.png,0
train/2529.png,0
train/2892.png,0
train/3305.png,0
train/3065.png,0
train/4040.png,0
train/4077.png,0
train/2264.png,0
train/1991.png,0
train/4850.png,0
train/2283.png,0
train/2753.png,0
train/3190.png,0
train/4920.png,0
train/4058.png,0
train/2092.png,0
train/2021.png,0
train/2140.png,0
train/4752.png,0
train/3469.png,0
train/2041.png,0
train/4955.png,0
train/1602.png,0
train/805.png,0
train/4137.png,0
train/5609.png,0
train/3159.png,0
train/4874.png,0
train/1791.png,0
train/1986.png,0
train/4194.png,0
train/2617.png,0
train/4093.png,0
train/1857.png,0
train/5038.png,0
train/5453.png,0
train/5334.png,0
train/4827.png,0
train/3829.png,1
train/2025.png,0
train/3172.png,0
train/1499.png,0
train/1944.png,0
train/1292.png,0
train/4769.png,0
train/4943.png,0
train/746.png,0
train/2135.png,0
train/4655.png,0
train/1450.png,0
train/2603.png,0
train/5901.png,0
train/4495.png,0
train/5396.png,0
train/2555.png,0
train/4927.png,0
train/4046.png,0
train/4746.png,0
train/5039.png,0
train/3726.png,0
train/5686.png,0
train/2007.png,0
train/5017.png,0
train/1999.png,0
train/3672.png,0
train/4872.png,0
train/4178.png,0
train/4280.png,0
train/4733.png,0
train/5920.png,0
train/1673.png,0
train/4982.png,0
train/4558.png,0
train/5031.png,0
train/797.png,0
train/4577.png,0
train/1793.png,0
train/4790.png,0
train/2345.png,0
train/1717.png,0
train/810.png,0
train/1176.png,0
train/4410.png,0
train/3105.png,1
train/1341.png,0
train/2351.png,0
train/3064.png,0
train/3132.png,0
train/4279.png,0
train/3592.png,0
train/5363.png,0
train/2292.png,0
train/2496.png,0
train/1525.png,0
train/4315.png,0
train/892.png,0
train/857.png,0
train/5424.png,1
train/5393.png,0
train/633.png,0
train/1396.png,0
train/3432.png,1
train/5769.png,0
train/5435.png,1
train/4298.png,0
train/1235.png,0
train/1758.png,0
train/2132.png,0
train/5049.png,0
train/3638.png,1
train/3424.png,0
train/5876.png,0
train/4973.png,0
train/3458.png,0
train/3144.png,0
train/2020.png,0
train/3977.png,0
train/1927.png,1
train/1308.png,0
train/1620.png,0
train/1965.png,0
train/951.png,0
train/4277.png,0
train/1228.png,0
train/3833.png,0
train/4460.png,0
train/2706.png,0
train/2252.png,0
train/5502.png,0
train/1611.png,0
train/1191.png,0
train/687.png,0
train/3187.png,0
train/4155.png,0
train/2888.png,0
train/4928.png,0
train/603.png,0
train/3875.png,0
train/2502.png,0
train/3760.png,0
train/5442.png,0
train/5835.png,0
train/4630.png,0
train/3262.png,0
train/4116.png,0
train/2804.png,0
train/1058.png,0
train/2685.png,0
train/3581.png,0
train/3830.png,0
train/3022.png,0
train/5896.png,0
train/3553.png,0
train/5448.png,0
train/2636.png,0
train/4631.png,0
train/1047.png,0
train/5076.png,0
train/4122.png,0
train/1573.png,0
train/3138.png,0
train/5413.png,0
train/3292.png,0
train/4082.png,0
train/2702.png,0
train/2304.png,0
train/5868.png,0
train/3295.png,0
train/3221.png,0
train/3362.png,0
train/5509.png,0
train/2343.png,0
train/4813.png,0
train/4023.png,0
train/2668.png,0
train/3335.png,0
train/4265.png,0
train/3632.png,0
train/3031.png,0
train/803.png,0
train/5429.png,0
train/5382.png,0
train/940.png,0
train/2824.png,0
train/4219.png,0
train/3133.png,0
train/2468.png,0
train/5933.png,0
train/3540.png,0
train/1001.png,0
train/2476.png,0
train/3910.png,0
train/3815.png,0
train/2452.png,0
train/2499.png,1
train/3247.png,0
train/5227.png,0
train/1015.png,0
train/3680.png,0
train/5779.png,0
train/2788.png,0
train/5856.png,0
train/5800.png,0
train/5046.png,0
train/3976.png,0
train/1866.png,0
train/5059.png,0
train/1918.png,0
train/1280.png,0
train/3058.png,0
train/2014.png,0
train/1538.png,0
train/779.png,0
train/4457.png,0
train/5500.png,1
train/3371.png,0
train/4425.png,0
train/3573.png,0
train/4875.png,0
train/717.png,0
train/3023.png,0
train/4996.png,1
train/4591.png,0
train/5062.png,0
train/5072.png,1
train/5655.png,0
train/3696.png,0
train/1932.png,1
train/3123.png,1
train/3082.png,0
train/2988.png,0
train/2500.png,0
train/3869.png,0
train/1422.png,0
train/1322.png,0
train/4095.png,0
train/5825.png,0
train/3652.png,0
train/5341.png,0
train/1795.png,0
train/4346.png,0
train/1165.png,0
train/4616.png,1
train/4754.png,0
train/855.png,0
train/4751.png,0
train/1052.png,0
train/819.png,0
train/765.png,0
train/5776.png,0
train/3302.png,0
train/4419.png,0
train/5610.png,0
train/1289.png,0
train/5552.png,0
train/5723.png,0
train/5010.png,0
train/2559.png,0
train/5652.png,0
train/5296.png,0
train/4847.png,0
train/1619.png,0
train/1958.png,0
train/4573.png,0
train/3454.png,0
train/2322.png,0
train/3026.png,0
train/3974.png,0
train/3443.png,0
train/2786.png,0
train/3597.png,0
train/2184.png,0
train/2097.png,0
train/2803.png,0
train/795.png,0
train/2454.png,0
train/1070.png,0
train/1356.png,0
train/923.png,0
train/2822.png,0
train/4006.png,0
train/618.png,1
train/4666.png,0
train/1600.png,0
train/1512.png,0
train/1532.png,0
train/5132.png,0
train/3113.png,0
train/5712.png,1
train/4641.png,0
train/830.png,0
train/4849.png,0
train/2790.png,0
train/5853.png,0
train/5267.png,0
train/812.png,0
train/2684.png,0
train/2575.png,0
train/2117.png,0
train/2915.png,1
train/3971.png,0
train/2675.png,0
train/5912.png,1
train/4903.png,0
train/1018.png,0
train/3325.png,0
train/3825.png,0
train/2712.png,1
train/5628.png,0
train/793.png,0
train/4748.png,0
train/4688.png,0
train/5651.png,0
train/5790.png,1
train/5414.png,0
train/1733.png,0
train/1101.png,0
train/4610.png,0
train/2981.png,0
train/1808.png,1
train/5770.png,0
train/5915.png,0
train/889.png,0
train/5324.png,0
train/3360.png,1
train/1705.png,0
train/2809.png,0
train/5889.png,0
train/4598.png,0
train/735.png,0
train/931.png,0
train/2528.png,0
train/3843.png,0
train/5746.png,0
train/2265.png,0
train/1282.png,0
train/1472.png,0
train/5614.png,0
train/1213.png,0
train/3437.png,0
train/4706.png,0
train/5221.png,0
train/1875.png,0
train/1457.png,0
train/1024.png,1
train/4397.png,0
train/4080.png,0
train/4916.png,0
train/5291.png,0
train/3889.png,0
train/4478.png,0
train/5826.png,0
train/1712.png,0
train/3747.png,0
train/3166.png,0
train/2268.png,0
train/5373.png,0
train/4589.png,0
train/2556.png,0
train/2955.png,0
train/4135.png,0
train/771.png,1
train/3403.png,1
train/3149.png,0
train/2492.png,0
train/4126.png,0
train/1797.png,0
train/5821.png,0
train/4637.png,0
train/1892.png,0
train/4090.png,0
train/3408.png,0
train/2512.png,0
train/3879.png,0
train/2674.png,1
train/1988.png,0
train/5811.png,0
train/3033.png,0
train/3693.png,0
train/1692.png,0
train/5479.png,0
train/1244.png,0
train/5524.png,0
train/3316.png,0
train/1464.png,0
train/4668.png,0
train/3669.png,0
train/3091.png,0
train/4936.png,0
train/1009.png,0
train/4851.png,1
train/4367.png,0
train/4500.png,0
train/3346.png,0
train/743.png,0
train/5664.png,0
train/4838.png,0
train/5497.png,0
train/2505.png,0
train/3508.png,0
train/3832.png,0
train/3002.png,0
train/3562.png,0
train/5109.png,0
train/5545.png,0
train/3112.png,0
train/5042.png,0
train/3480.png,0
train/1872.png,1
train/921.png,0
train/1771.png,0
train/3944.png,0
train/3775.png,0
train/1561.png,0
train/1245.png,0
train/5290.png,0
train/1838.png,0
train/1328.png,0
train/4510.png,0
train/5656.png,0
train/1639.png,0
train/5828.png,0
train/5613.png,0
train/3355.png,0
train/1287.png,0
train/2519.png,0
train/2907.png,0
train/3877.png,0
train/3239.png,0
train/4354.png,0
train/4853.png,0
train/4654.png,0
train/4924.png,0
train/4160.png,0
train/5129.png,0
train/5734.png,0
train/3769.png,0
train/3781.png,0
train/4107.png,0
train/3679.png,0
train/2612.png,0
train/3648.png,0
train/4775.png,0
train/1618.png,0
train/2719.png,0
train/2346.png,0
train/3902.png,0
train/2665.png,0
train/1586.png,1
train/5289.png,0
train/4584.png,0
train/3029.png,0
train/5438.png,0
train/3374.png,0
train/4445.png,0
train/4520.png,0
train/5485.png,1
train/5496.png,0
train/5635.png,0
train/5816.png,0
train/1387.png,0
train/2949.png,0
train/1778.png,1
train/4428.png,0
train/1439.png,0
train/3739.png,0
train/4907.png,0
train/4263.png,0
train/4041.png,0
train/742.png,0
train/724.png,0
train/2851.png,0
train/3177.png,0
train/1068.png,1
train/4684.png,1
train/1911.png,0
train/3963.png,0
train/1546.png,0
train/5536.png,0
train/3209.png,0
train/1979.png,0
train/5677.png,0
train/2787.png,0
train/4544.png,0
train/5118.png,0
train/1179.png,0
train/1655.png,0
train/2371.png,0
train/2267.png,0
train/5284.png,0
train/3148.png,0
train/2902.png,0
train/2109.png,0
train/635.png,0
train/1614.png,0
train/3996.png,0
train/5032.png,0
train/736.png,0
train/613.png,0
train/815.png,0
train/1401.png,0
train/3037.png,0
train/5238.png,0
train/3543.png,1
train/2592.png,0
train/5505.png,0
train/5519.png,0
train/2724.png,0
train/4981.png,0
train/5795.png,0
train/2362.png,0
train/783.png,0
train/1535.png,0
train/2692.png,0
train/4009.png,1
train/2987.png,0
train/2465.png,0
train/5875.png,0
train/1327.png,0
train/1626.png,0
train/886.png,0
train/5277.png,1
train/3612.png,0
train/4799.png,0
train/4432.png,0
train/1392.png,0
train/3516.png,0
train/5135.png,0
train/1381.png,1
train/706.png,0
train/5320.png,1
train/1764.png,0
train/5321.png,0
train/3810.png,0
train/2373.png,0
train/1079.png,0
train/2284.png,0
train/3800.png,1
train/843.png,0
train/5253.png,0
train/1414.png,0
train/1326.png,0
train/2229.png,0
train/2070.png,0
train/1226.png,0
train/3552.png,0
train/4933.png,0
train/2533.png,0
train/1168.png,0
train/2956.png,0
train/666.png,0
train/5802.png,0
train/4793.png,0
train/4124.png,0
train/2458.png,0
train/5216.png,0
train/3184.png,0
train/2723.png,0
train/4800.png,0
train/2681.png,0
train/3931.png,0
train/4702.png,0
train/3489.png,0
train/842.png,1
train/4405.png,0
train/3820.png,0
train/3792.png,0
train/5782.png,0
train/2036.png,0
train/4660.png,1
train/2705.png,0
train/1668.png,0
train/2477.png,0
train/5057.png,0
train/2449.png,0
train/5304.png,0
train/679.png,0
train/597.png,0
train/644.png,0
train/1358.png,0
train/1821.png,0
train/5322.png,0
train/3365.png,0
train/3589.png,1
train/2136.png,0
train/4822.png,0
train/1906.png,0
train/1760.png,0
train/1648.png,0
train/2670.png,0
train/2260.png,0
train/1522.png,0
train/3934.png,0
train/1549.png,0
train/2432.png,0
train/5148.png,0
train/2649.png,1
train/4758.png,0
train/4627.png,0
train/1814.png,0
train/5401.png,0
train/4538.png,0
train/4154.png,0
train/1127.png,0
train/5682.png,0
train/2837.png,0
train/4353.png,0
train/5177.png,0
train/1169.png,0
train/2582.png,0
train/650.png,0
train/861.png,0
train/3369.png,0
train/4211.png,0
train/1212.png,0
train/3864.png,0
train/5578.png,0
train/2585.png,0
train/3351.png,0
train/1359.png,0
train/3016.png,1
train/2482.png,0
train/3756.png,0
train/711.png,0
train/3220.png,0
train/2464.png,0
train/1533.png,1
train/5757.png,0
train/2178.png,0
train/948.png,0
train/5566.png,0
train/1435.png,0
train/4348.png,0
train/3175.png,0
train/1394.png,0
train/1119.png,0
train/3811.png,0
train/5094.png,0
train/2513.png,1
train/4351.png,0
train/2972.png,0
train/3117.png,0
train/2034.png,0
train/3124.png,0
train/5620.png,0
train/3021.png,1
train/3966.png,0
train/2700.png,0
train/5071.png,0
train/3445.png,0
train/2889.png,0
train/1765.png,0
train/4511.png,0
train/5687.png,0
train/1553.png,0
train/3287.png,0
train/772.png,0
train/2058.png,0
train/1505.png,0
train/2671.png,0
train/872.png,0
train/1826.png,1
train/610.png,1
train/2328.png,0
train/4146.png,0
train/1028.png,0
train/2276.png,0
train/2263.png,0
train/3086.png,0
train/4378.png,0
train/4396.png,0
train/3257.png,1
train/1121.png,0
train/5836.png,1
train/3733.png,0
train/5460.png,0
train/4964.png,0
train/1410.png,0
train/4678.png,1
train/3767.png,0
train/5673.png,0
train/2459.png,0
train/1275.png,0
train/2389.png,0
train/4238.png,0
train/4338.png,0
train/1629.png,0
train/5398.png,0
train/1102.png,0
train/4997.png,1
train/983.png,0
train/4233.png,0
train/3488.png,0
train/835.png,0
train/3683.png,0
train/5223.png,0
train/2601.png,1
train/5470.png,0
train/3364.png,0
train/1880.png,0
train/5108.png,0
train/2924.png,1
train/4380.png,0
train/1852.png,0
train/4743.png,0
train/3263.png,0
train/5494.png,0
train/4252.png,0
train/3291.png,0
train/2943.png,0
train/3415.png,0
train/1509.png,0
train/2701.png,0
train/1942.png,0
train/5890.png,0
train/2691.png,0
train/1243.png,0
train/3162.png,0
train/5546.png,0
train/3275.png,1
train/3455.png,0
train/894.png,0
train/1616.png,0
train/5362.png,0
train/3215.png,0
train/3241.png,0
train/2589.png,0
train/4248.png,0
train/2187.png,0
train/5219.png,0
train/1242.png,0
train/2656.png,0
train/1159.png,0
train/3192.png,0
train/2224.png,0
train/2780.png,0
train/3386.png,0
train/3059.png,0
train/2056.png,0
train/707.png,0
train/1029.png,1
train/4287.png,0
train/2347.png,1
train/2200.png,0
train/3246.png,0
train/963.png,0
train/2429.png,1
train/5844.png,0
train/1096.png,0
train/1883.png,0
train/5563.png,0
train/3097.png,0
train/2255.png,0
train/1344.png,0
train/1716.png,0
train/1185.png,0
train/5066.png,0
train/1413.png,0
train/3226.png,0
train/5666.png,1
train/685.png,0
train/3838.png,0
train/3334.png,0
train/5750.png,0
train/5206.png,0
train/3340.png,1
train/3492.png,0
train/1955.png,0
train/1126.png,0
train/4675.png,0
train/3147.png,0
train/1787.png,0
train/5542.png,0
train/2334.png,0
train/5845.png,0
train/2278.png,0
train/1517.png,0
train/757.png,0
train/5820.png,0
train/4504.png,0
train/4798.png,0
train/3081.png,1
train/5383.png,0
train/5432.png,0
train/2864.png,0
train/2176.png,0
train/3550.png,1
train/4221.png,0
train/5195.png,0
train/3266.png,0
train/1869.png,0
train/2591.png,0
train/2226.png,0
train/2624.png,0
train/2596.png,0
train/3363.png,0
train/1222.png,1
train/5149.png,0
train/3642.png,0
train/5336.png,1
train/5190.png,0
train/3347.png,0
train/1343.png,0
train/4068.png,0
train/2574.png,0
train/2100.png,0
train/4734.png,0
train/5670.png,0
train/2715.png,0
train/3284.png,0
train/4038.png,0
train/4740.png,0
train/4860.png,1
train/5434.png,0
train/3600.png,0
train/3730.png,0
train/2028.png,0
train/5085.png,0
train/5573.png,1
train/4932.png,0
train/2096.png,0
train/2535.png,0
train/4647.png,0
train/593.png,0
train/5164.png,0
train/5507.png,0
train/5642.png,0
train/4552.png,0
train/2144.png,0
train/4579.png,0
train/3207.png,0
train/5543.png,0
train/3154.png,0
train/2374.png,0
train/5833.png,0
train/3232.png,0
train/3666.png,0
train/5883.png,0
train/3783.png,0
train/2235.png,0
train/2190.png,0
train/3565.png,0
train/5887.png,0
train/4030.png,0
train/3319.png,0
train/1007.png,0
train/2406.png,0
train/2776.png,0
train/3435.png,0
train/5185.png,0
train/1697.png,0
train/5564.png,0
train/5375.png,0
train/2731.png,0
train/1554.png,0
train/1138.png,0
train/1680.png,0
train/2341.png,0
train/1132.png,0
train/852.png,0
train/5466.png,0
train/1500.png,1
train/4904.png,0
train/3196.png,0
train/1407.png,0
train/3267.png,0
train/1831.png,0
train/5897.png,0
train/5650.png,0
train/5045.png,0
train/1997.png,0
train/1843.png,0
train/646.png,0
train/851.png,0
train/4873.png,0
train/3035.png,0
train/4685.png,1
train/737.png,0
train/2013.png,0
train/5653.png,0
train/2015.png,0
train/4667.png,0
train/4652.png,0
train/5764.png,0
train/5904.png,0
train/1043.png,0
train/3396.png,0
train/2047.png,0
train/4333.png,0
train/4825.png,0
train/4045.png,0
train/3102.png,0
train/3590.png,0
train/1909.png,0
train/5658.png,1
train/1369.png,0
train/5340.png,0
train/3153.png,0
train/4374.png,1
train/4133.png,0
train/3214.png,0
train/2098.png,0
train/3685.png,0
train/4443.png,0
train/1933.png,1
train/1674.png,0
train/900.png,0
train/4173.png,0
train/1515.png,0
train/4250.png,0
train/3208.png,0
train/3342.png,0
train/4929.png,0
train/1560.png,0
train/2375.png,0
train/3751.png,0
train/4554.png,0
train/5391.png,0
train/4108.png,0
train/5176.png,0
train/3614.png,0
train/786.png,0
train/4628.png,0
train/3593.png,0
train/1806.png,0
train/1545.png,0
train/5926.png,0
train/626.png,1
train/3168.png,0
train/1732.png,1
train/1566.png,0
train/3949.png,0
train/2202.png,0
train/5598.png,0
train/3654.png,1
train/4215.png,0
train/3720.png,0
train/4501.png,0
train/784.png,0
train/1173.png,0
train/1163.png,0
train/5329.png,0
train/1685.png,0
train/4407.png,0
train/1709.png,0
train/3237.png,1
train/2664.png,0
train/4560.png,0
train/5326.png,1
train/2637.png,0
train/969.png,0
train/624.png,0
train/761.png,0
train/4158.png,0
train/5319.png,0
train/720.png,0
train/4148.png,0
train/2324.png,0
train/3831.png,1
train/3794.png,1
train/625.png,0
train/1211.png,0
train/2473.png,0
train/991.png,0
train/1901.png,0
train/1286.png,0
train/5405.png,0
train/1338.png,0
train/604.png,0
train/4676.png,0
train/1593.png,1
train/4545.png,1
train/2443.png,0
train/2251.png,0
train/3784.png,0
train/5255.png,0
train/4947.png,0
train/3357.png,0
train/4190.png,1
train/4595.png,0
train/3293.png,0
train/1982.png,0
train/1406.png,0
train/1181.png,0
train/1894.png,0
train/5584.png,0
train/4687.png,0
train/3020.png,0
train/2277.png,0
train/2243.png,0
train/2095.png,0
train/616.png,0
train/1729.png,0
train/606.png,0
train/1454.png,0
train/2605.png,0
train/2939.png,0
train/4368.png,0
train/4066.png,0
train/2917.png,0
train/4828.png,0
train/5308.png,0
train/4801.png,0
train/5161.png,0
train/3204.png,0
train/5023.png,0
train/2119.png,0
train/3759.png,0
train/2161.png,0
train/4152.png,0
train/716.png,0
train/4388.png,0
train/3819.png,0
train/2729.png,0
train/1741.png,0
train/4034.png,0
train/1099.png,0
train/1853.png,0
train/3535.png,0
train/672.png,0
train/1391.png,0
train/5823.png,0
train/3867.png,0
train/2696.png,0
train/4172.png,0
train/4161.png,0
train/1519.png,0
train/3294.png,0
train/2196.png,0
train/1103.png,0
train/1137.png,0
train/1314.png,0
train/3993.png,0
train/1427.png,0
train/2401.png,0
train/2966.png,0
train/1945.png,0
train/5415.png,0
train/2554.png,0
train/3093.png,0
train/957.png,1
train/3990.png,0
train/1408.png,0
train/1518.png,0
train/3368.png,0
train/4713.png,0
train/3915.png,0
train/3127.png,0
train/4217.png,0
train/3534.png,0
train/4940.png,0
train/3087.png,0
train/5854.png,0
train/2588.png,0
train/2709.png,0
train/1996.png,0
train/2783.png,0
train/2825.png,0
train/4883.png,0
train/3242.png,0
train/1171.png,0
train/817.png,0
train/3789.png,0
train/4497.png,0
train/1660.png,0
train/1802.png,0
train/4089.png,0
train/2046.png,1
train/2760.png,0
train/3941.png,0
train/4414.png,0
train/2979.png,0
train/752.png,0
train/2638.png,0
train/3333.png,0
train/1283.png,0
train/3916.png,0
train/1634.png,0
train/3939.png,0
train/1332.png,0
train/605.png,0
train/1038.png,0
train/2045.png,0
train/4762.png,0
train/3574.png,0
train/1811.png,1
train/1218.png,0
train/4136.png,0
train/3189.png,0
train/4710.png,0
train/730.png,0
train/3647.png,0
train/1813.png,0
train/919.png,0
train/1140.png,0
train/5187.png,0
train/3956.png,0
train/2811.png,0
train/5891.png,0
train/1355.png,0
train/5229.png,0
train/825.png,0
train/4241.png,0
train/698.png,0
train/778.png,0
train/1606.png,0
train/3625.png,0
train/3768.png,0
train/2439.png,0
train/897.png,0
train/3842.png,0
train/1915.png,0
train/4422.png,0
train/1357.png,1
train/5454.png,0
train/683.png,0
train/4164.png,0
train/3852.png,0
train/5574.png,0
train/4072.png,0
train/5761.png,0
train/2875.png,0
train/4078.png,0
train/913.png,0
train/2390.png,0
train/5179.png,1
train/653.png,0
train/3827.png,0
train/1847.png,0
train/1577.png,0
train/3176.png,0
train/5200.png,0
train/5458.png,1
train/4585.png,0
train/636.png,0
train/2896.png,0
train/4807.png,0
train/3104.png,0
train/2911.png,0
train/1310.png,1
train/5855.png,0
train/2076.png,0
train/1012.png,0
train/1438.png,0
train/4484.png,0
train/2259.png,0
train/1160.png,0
train/1014.png,0
train/1627.png,0
train/2433.png,0
train/1073.png,0
train/5260.png,0
train/4975.png,0
train/2415.png,0
train/5724.png,0
train/4201.png,0
train/1340.png,0
train/1199.png,0
train/1714.png,0
train/4100.png,0
train/5777.png,0
train/1874.png,0
train/976.png,0
train/4083.png,0
train/3626.png,0
train/705.png,0
train/2354.png,0
train/5014.png,0
train/4174.png,0
train/4281.png,0
train/5243.png,0
train/3495.png,1
train/4937.png,0
train/4319.png,0
train/648.png,0
train/3045.png,0
train/2050.png,1
train/1129.png,0
train/1116.png,0
train/3790.png,0
train/2060.png,0
train/1746.png,0
train/5766.png,0
train/4946.png,0
train/4053.png,0
train/4588.png,0
train/5640.png,0
train/3636.png,0
train/2951.png,0
train/2147.png,0
train/3545.png,1
train/3146.png,0
train/1930.png,0
train/4168.png,0
train/3972.png,0
train/971.png,0
train/4453.png,0
train/4548.png,0
train/2619.png,0
train/3848.png,0
train/3195.png,0
train/3421.png,0
train/5376.png,0
train/2958.png,0
train/5089.png,0
train/4876.png,1
train/4237.png,0
train/2396.png,0
train/5421.png,0
train/1233.png,0
train/3876.png,0
train/3635.png,0
train/3660.png,0
train/4505.png,0
train/4581.png,0
train/4452.png,0
train/2761.png,1
train/3406.png,0
train/3234.png,1
train/4893.png,0
train/3366.png,1
train/4744.png,0
train/2182.png,0
train/4863.png,0
train/1430.png,0
train/600.png,0
train/3474.png,0
train/4335.png,0
train/3131.png,0
train/4703.png,0
train/1563.png,1
train/4398.png,0
train/2208.png,0
train/5158.png,0
train/1516.png,0
train/2403.png,0
train/4900.png,0
train/3723.png,0
train/3224.png,0
train/1337.png,0
train/5665.png,0
train/3392.png,0
train/2838.png,0
train/1789.png,0
train/1398.png,0
train/5004.png,0
train/4694.png,0
train/5316.png,0
train/3156.png,0
train/5106.png,0
train/3891.png,0
train/1931.png,0
train/2416.png,0
train/2079.png,0
train/3448.png,0
train/4020.png,0
train/3702.png,0
train/858.png,0
train/862.png,0
train/5539.png,0
train/4597.png,0
train/3062.png,1
train/4236.png,0
train/3010.png,0
train/2908.png,0
train/2999.png,0
train/713.png,0
train/5567.png,0
train/4465.png,0
train/5745.png,0
train/1742.png,0
train/5112.png,0
train/5759.png,0
train/2748.png,0
train/4390.png,0
train/4472.png,1
train/3116.png,0
train/1437.png,0
train/4145.png,0
train/859.png,1
train/5248.png,0
train/2861.png,0
train/4835.png,0
train/924.png,0
train/3426.png,0
train/1153.png,0
train/3107.png,0
train/864.png,0
train/1373.png,0
train/5571.png,0
train/2914.png,0
train/3444.png,0
train/5592.png,0
train/5570.png,0
train/1588.png,0
train/4451.png,0
train/2647.png,0
train/2072.png,0
train/3354.png,1
train/4130.png,1
train/4311.png,0
train/4830.png,0
train/1056.png,0
train/768.png,0
train/5299.png,0
train/5440.png,0
train/3653.png,0
train/3085.png,0
train/4408.png,0
train/2321.png,0
train/2950.png,0
train/3068.png,0
train/5105.png,0
train/5738.png,0
train/5292.png,0
train/2195.png,0
train/5504.png,0
train/5794.png,0
train/2736.png,0
train/3881.png,0
train/1128.png,0
train/3326.png,0
train/792.png,0
train/5172.png,0
train/5377.png,0
train/1936.png,0
train/3343.png,0
train/3378.png,0
train/4759.png,0
train/3880.png,0
train/708.png,0
train/2152.png,0
train/3398.png,0
train/5606.png,0
train/1844.png,0
train/5419.png,0
train/3409.png,0
train/5465.png,0
train/2302.png,0
train/782.png,0
train/2479.png,0
train/5654.png,1
train/4402.png,0
train/4846.png,1
train/4977.png,0
train/4112.png,0
train/4765.png,0
train/3070.png,0
train/4439.png,0
train/675.png,0
train/5805.png,0
train/4741.png,0
train/3158.png,0
train/3599.png,0
train/4310.png,0
train/2285.png,0
train/1025.png,0
train/2009.png,0
train/4438.png,0
train/5475.png,0
train/1879.png,0
train/1834.png,0
train/2274.png,1
train/594.png,0
train/4764.png,0
train/5859.png,0
train/4415.png,1
train/5125.png,0
train/1548.png,0
train/2793.png,0
train/5832.png,0
train/3167.png,0
train/2940.png,1
train/3277.png,0
train/3620.png,0
train/1368.png,0
train/974.png,0
train/1975.png,0
train/5463.png,0
train/4535.png,0
train/1017.png,0
train/5359.png,0
train/890.png,1
train/1316.png,0
train/4708.png,0
train/2872.png,0
train/2833.png,0
train/2882.png,1
train/4141.png,0
train/5680.png,0
train/4371.png,0
train/3141.png,0
train/904.png,0
train/2998.png,1
train/4604.png,0
train/3450.png,0
train/4071.png,0
train/3752.png,0
train/692.png,0
train/884.png,0
train/3312.png,0
train/3975.png,0
train/5224.png,0
train/5410.png,0
train/4018.png,0
train/3265.png,0
train/3639.png,0
train/2717.png,0
train/5558.png,0
train/1495.png,0
train/1035.png,0
train/1492.png,0
train/1313.png,0
train/1135.png,0
train/4001.png,0
train/1301.png,1
train/5913.png,0
train/2948.png,0
train/3892.png,0
train/4270.png,0
train/3914.png,0
train/3457.png,0
train/3885.png,0
train/4294.png,0
train/5619.png,0
train/3218.png,0
train/2207.png,0
train/3531.png,0
train/2885.png,0
train/2222.png,0
train/2859.png,1
train/5898.png,0
train/947.png,0
train/4767.png,0
train/4448.png,0
train/1034.png,0
train/5174.png,0
train/3329.png,1
train/2173.png,0
train/5588.png,0
train/2806.png,0
train/5143.png,0
train/5455.png,0
train/2532.png,0
train/902.png,0
train/2894.png,1
train/2387.png,0
train/3280.png,0
train/3054.png,0
train/2501.png,0
train/2205.png,0
train/3807.png,0
train/4736.png,0
train/1503.png,1
train/1596.png,0
train/3118.png,0
train/1994.png,0
train/5152.png,1
train/1297.png,0
train/2418.png,0
train/982.png,0
train/4819.png,0
train/3778.png,0
train/2834.png,0
train/4861.png,0
train/5587.png,0
train/3524.png,0
train/1261.png,0
train/5684.png,0
train/1255.png,0
train/2874.png,0
train/2160.png,0
train/3080.png,1
train/4132.png,0
train/3500.png,0
train/2363.png,0
train/4951.png,0
train/2893.png,0
train/1016.png,0
train/4462.png,0
train/3121.png,1
train/4227.png,0
train/4715.png,1
train/3467.png,0
train/4244.png,0
train/674.png,0
train/5874.png,1
train/4110.png,0
train/1887.png,0
train/2963.png,0
train/5389.png,0
train/5309.png,1
train/4366.png,0
train/4728.png,0
train/1785.png,0
train/1684.png,0
train/936.png,0
train/2871.png,0
train/1193.png,0
train/3449.png,1
train/3108.png,0
train/1884.png,0
train/4787.png,0
train/4871.png,0
train/4433.png,0
train/3616.png,0
train/5144.png,0
train/4332.png,0
train/5591.png,0
train/2993.png,0
train/3341.png,0
train/1860.png,0
train/2273.png,0
train/5716.png,0
train/1257.png,0
train/1205.png,0
train/4670.png,0
train/3418.png,0
train/2747.png,1
train/4440.png,0
train/3429.png,0
train/2078.png,0
train/5773.png,0
train/4961.png,0
train/4210.png,0
train/2954.png,0
train/4945.png,0
train/5215.png,0
train/5559.png,0
train/3476.png,0
train/651.png,0
train/4470.png,0
train/4193.png,0
train/5861.png,1
train/4638.png,0
train/5663.png,0
train/5858.png,0
train/4316.png,0
train/898.png,0
train/1348.png,0
train/5544.png,0
train/5416.png,0
train/5088.png,1
train/1784.png,0
train/2151.png,0
train/2052.png,0
train/869.png,0
train/1850.png,0
train/1290.png,0
train/3566.png,0
train/5315.png,0
train/2848.png,0
train/5262.png,0
train/2977.png,0
train/1445.png,0
train/5399.png,0
train/2732.png,0
train/5115.png,0
train/4033.png,0
train/1691.png,0
train/1574.png,0
train/2516.png,0
train/1983.png,0
train/710.png,0
train/2733.png,0
train/1461.png,0
train/3359.png,0
train/4662.png,0
train/1731.png,0
train/4403.png,0
train/4915.png,0
train/4760.png,1
train/657.png,0
train/905.png,0
train/5307.png,0
train/762.png,0
train/1046.png,1
train/5207.png,0
train/3667.png,0
train/2310.png,0
train/3235.png,1
train/997.png,0
train/2677.png,0
train/5056.png,0
train/999.png,0
train/4436.png,0
train/3433.png,1
train/4690.png,0
train/2062.png,0
train/5169.png,0
train/1155.png,0
train/4848.png,0
train/1926.png,0
train/1699.png,0
train/1467.png,0
train/1877.png,0
train/5263.png,0
train/5044.png,0
train/4724.png,0
train/3393.png,0
train/5353.png,0
train/4700.png,0
train/2172.png,0
train/2271.png,0
train/5298.png,0
train/2225.png,0
train/3129.png,0
train/2682.png,0
train/1664.png,0
train/1044.png,0
train/3388.png,0
train/4463.png,0
train/4384.png,0
train/5530.png,0
train/3507.png,0
train/5274.png,0
train/1523.png,0
train/732.png,0
train/5409.png,0
train/4261.png,0
train/3884.png,0
train/2168.png,0
train/5593.png,0
train/5495.png,0
train/5632.png,0
train/5012.png,1
train/3932.png,0
train/1881.png,0
train/4816.png,0
train/727.png,0
train/2297.png,0
train/2688.png,0
train/3682.png,0
train/3678.png,0
train/696.png,0
train/5218.png,0
train/3350.png,0
train/5178.png,0
train/690.png,0
train/3731.png,0
train/5643.png,0
train/3548.png,0
train/1840.png,0
train/3587.png,0
train/2880.png,0
train/4812.png,0
train/1527.png,0
train/5501.png,0
train/1781.png,0
train/1429.png,0
train/1299.png,0
train/4622.png,0
train/2750.png,0
train/2641.png,0
train/5436.png,0
train/1511.png,0
train/2491.png,0
train/2846.png,0
train/3940.png,0
train/1977.png,1
train/3594.png,0
train/950.png,0
train/2417.png,0
train/5346.png,0
train/3969.png,0
train/1855.png,0
train/5325.png,0
train/818.png,0
train/2795.png,0
train/2989.png,0
train/968.png,0
train/2852.png,1
train/868.png,0
train/5490.png,0
train/1766.png,0
train/4557.png,0
train/3555.png,0
train/4411.png,1
train/1967.png,0
train/2350.png,0
train/2291.png,0
train/781.png,1
train/3438.png,0
train/1269.png,0
train/4050.png,0
train/1421.png,0
train/4048.png,0
train/2995.png,0
train/1886.png,0
train/4307.png,0
train/1136.png,0
train/3216.png,0
train/763.png,0
train/985.png,1
train/804.png,1
train/4423.png,0
train/3071.png,0
train/3964.png,0
train/4761.png,1
train/5131.png,1
train/4421.png,0
train/5700.png,0
train/3056.png,0
train/678.png,0
train/1485.png,0
train/4618.png,0
train/3501.png,0
train/4536.png,0
train/5520.png,0
train/5433.png,0
train/1676.png,0
train/4635.png,0
train/5063.png,0
train/4742.png,0
train/5649.png,0
train/1521.png,0
train/3416.png,0
train/1653.png,0
train/922.png,0
train/4379.png,0
train/2506.png,0
train/2763.png,0
train/718.png,0
train/4369.png,0
train/2994.png,0
train/4930.png,0
train/4884.png,0
train/1333.png,0
train/754.png,0
train/972.png,0
train/4257.png,0
train/5408.png,0
train/5638.png,1
train/3336.png,0
train/5449.png,0
train/4810.png,0
train/5765.png,0
train/5021.png,1
train/5445.png,0
train/3018.png,0
train/1363.png,0
train/2816.png,0
train/4963.png,0
train/5499.png,0
train/2622.png,0
train/4358.png,0
train/3466.png,0
train/4147.png,0
train/2412.png,0
train/1048.png,0
train/3259.png,0
train/2820.png,0
train/5703.png,0
train/3816.png,0
train/2093.png,0
train/3111.png,0
train/5508.png,0
train/1662.png,0
train/756.png,0
train/2952.png,0
train/788.png,0
train/3145.png,0
train/3298.png,0
train/5427.png,1
train/1889.png,0
train/1849.png,1
train/5815.png,0
train/3703.png,0
train/591.png,0
train/4105.png,0
train/3321.png,0
train/4901.png,0
train/5157.png,0
train/2355.png,0
train/5220.png,1
train/5367.png,0
train/3729.png,0
train/2754.png,0
train/1057.png,0
train/5863.png,0
train/4821.png,0
train/4069.png,0
train/2573.png,1
train/5295.png,0
train/3225.png,0
train/731.png,0
train/5514.png,0
train/4925.png,1
train/4016.png,0
train/4988.png,0
train/1417.png,0
train/5819.png,0
train/2295.png,0
train/4970.png,0
train/3904.png,0
train/4017.png,1
train/4739.png,0
train/1026.png,0
train/4954.png,0
train/4285.png,0
train/4289.png,0
train/4305.png,0
train/2027.png,0
train/848.png,0
train/5798.png,0
train/2077.png,0
train/1565.png,0
train/1475.png,0
train/2480.png,0
train/2231.png,0
train/2862.png,0
train/5674.png,0
train/668.png,0
train/2840.png,0
train/4614.png,1
train/4492.png,0
train/2061.png,0
train/5287.png,0
train/820.png,0
train/978.png,0
train/3857.png,0
train/5562.png,0
train/4490.png,0
train/5231.png,0
train/3610.png,0
train/3223.png,0
train/4243.png,0
train/3866.png,0
train/1440.png,0
train/2644.png,0
train/1501.png,0
train/3279.png,0
train/2973.png,0
train/3203.png,1
train/1019.png,0
train/5775.png,0
train/1528.png,0
train/2299.png,0
train/2167.png,0
train/4326.png,0
train/4881.png,0
train/3765.png,0
train/3193.png,0
train/5217.png,0
train/2112.png,0
train/2639.png,0
train/767.png,0
train/4781.png,1
train/4843.png,0
train/4890.png,0
train/3030.png,0
train/2586.png,0
train/750.png,0
train/5302.png,0
train/699.png,1
train/4434.png,0
train/5006.png,0
train/3057.png,1
train/3390.png,0
train/3090.png,0
train/1416.png,0
train/4449.png,0
train/5843.png,0
train/3109.png,0
train/5464.png,0
train/4512.png,0
train/5690.png,0
train/3690.png,0
train/3901.png,0
train/2489.png,0
train/1196.png,0
train/1194.png,0
train/1478.png,0
train/1090.png,0
train/2085.png,0
train/4709.png,0
train/1110.png,0
train/1923.png,0
train/4036.png,0
train/4486.png,0
train/3712.png,0
train/3173.png,0
train/1350.png,0
train/5877.png,0
train/3069.png,0
train/5352.png,0
train/4941.png,0
train/5130.png,0
train/3663.png,0
train/2514.png,0
train/2023.png,0
train/3048.png,0
train/1100.png,0
train/4659.png,0
train/2752.png,0
train/4794.png,0
train/2349.png,0
train/3387.png,0
train/1202.png,0
train/4342.png,0
train/4956.png,0
train/3538.png,0
train/1980.png,1
train/5101.png,0
train/5212.png,0
train/4786.png,0
train/4979.png,0
train/2839.png,0
train/3000.png,0
train/3541.png,0
train/2650.png,0
train/3446.png,0
train/3517.png,0
train/2538.png,0
train/939.png,1
train/1650.png,0
train/5482.png,0
train/3659.png,0
train/689.png,0
train/3564.png,0
train/4399.png,0
train/3389.png,0
train/4214.png,0
train/1124.png,0
train/1224.png,1
train/4094.png,0
train/2289.png,0
train/5214.png,0
train/1256.png,0
train/1468.png,0
train/599.png,0
train/5732.png,0
train/3487.png,0
train/958.png,0
train/3882.png,0
train/4292.png,0
train/1510.png,0
train/3472.png,0
train/2364.png,0
train/1273.png,0
train/845.png,0
train/1818.png,0
train/5019.png,0
train/1349.png,0
train/4550.png,0
train/1473.png,0
train/2142.png,0
train/1968.png,0
train/2230.png,0
train/4185.png,0
train/5360.png,0
train/2481.png,0
train/2090.png,0
train/4506.png,0
train/2388.png,0
train/2413.png,0
train/5060.png,0
train/3912.png,0
train/3273.png,0
train/1008.png,0
train/3475.png,0
train/3483.png,0
train/5250.png,0
train/4412.png,0
train/5420.png,0
train/3497.png,0
train/1431.png,0
train/1896.png,0
train/2194.png,0
train/3928.png,0
train/3074.png,0
train/5760.png,0
train/2541.png,0
train/2059.png,0
train/3356.png,0
train/3981.png,0
train/2431.png,0
train/2209.png,0
train/5528.png,0
train/5186.png,0
train/5156.png,0
train/3764.png,0
train/2215.png,0
train/4939.png,0
train/3911.png,0
train/3634.png,0
train/3477.png,0
train/4355.png,0
train/3595.png,0
train/2331.png,0
train/2018.png,0
train/3579.png,0
train/4837.png,1
train/5015.png,0
train/1488.png,0
train/1002.png,0
train/3630.png,0
train/4527.png,0
train/5331.png,0
train/3955.png,0
train/1935.png,0
train/4458.png,0
train/5098.png,0
train/5110.png,0
train/5423.png,0
train/826.png,0
train/5332.png,0
train/2661.png,0
train/5228.png,0
train/3126.png,0
train/3953.png,0
train/942.png,0
train/5354.png,0
train/5930.png,0
train/5127.png,0
train/2409.png,0
train/2281.png,0
train/1617.png,0
train/3868.png,0
train/3773.png,1
train/4494.png,0
train/5480.png,1
train/5771.png,0
train/2293.png,0
train/3288.png,0
train/3441.png,0
train/5768.png,0
train/2337.png,0
train/3530.png,0
train/5240.png,0
train/5661.png,0
train/5903.png,0
train/5378.png,0
train/1833.png,0
train/1094.png,0
train/5450.png,1
train/3607.png,1
train/5918.png,0
train/4015.png,0
train/4856.png,0
train/5749.png,0
train/986.png,0
train/4225.png,0
train/841.png,0
train/1952.png,0
train/945.png,0
train/5033.png,0
train/1195.png,0
train/5796.png,1
train/1513.png,1
train/1143.png,0
train/3649.png,0
train/4156.png,0
train/4671.png,1
train/1077.png,0
train/751.png,0
train/4143.png,0
train/611.png,0
train/1825.png,0
train/4672.png,0
train/3261.png,0
train/1455.png,0
train/1117.png,0
train/1819.png,0
train/2253.png,0
train/5349.png,0
train/1592.png,0
train/3285.png,0
train/2960.png,0
train/1367.png,1
train/5596.png,0
train/2663.png,0
train/4251.png,0
train/2735.png,0
train/4188.png,0
train/3281.png,0
train/4669.png,0
train/2378.png,0
train/634.png,0
train/5306.png,0
train/1755.png,1
train/3007.png,0
train/2845.png,0
train/5556.png,0
train/1166.png,1
train/1482.png,0
train/1161.png,1
train/2279.png,0
train/5386.png,0
train/1506.png,0
train/2657.png,1
train/3345.png,0
train/4012.png,0
train/5846.png,0
train/1375.png,0
train/3547.png,0
train/3662.png,0
train/1845.png,0
train/1642.png,0
train/2666.png,0
train/3557.png,0
train/5595.png,0
train/1508.png,0
train/5162.png,0
train/3201.png,0
train/5637.png,1
train/3529.png,0
train/1776.png,0
train/2648.png,0
train/2478.png,0
train/4382.png,0
train/3603.png,0
train/911.png,0
train/3412.png,0
train/3338.png,0
train/5783.png,0
train/2667.png,0
train/2802.png,0
train/5026.png,0
train/5211.png,0
train/3143.png,0
train/4785.png,0
train/2149.png,1
train/1799.png,0
train/3973.png,0
train/3344.png,0
train/1460.png,0
train/1788.png,0
train/966.png,0
train/1148.png,0
train/1238.png,0
train/2903.png,1
train/2744.png,0
train/5739.png,0
train/1706.png,0
train/3194.png,0
train/5443.png,0
train/4656.png,0
train/4341.png,0
train/4253.png,0
train/1351.png,0
train/5894.png,1
train/3933.png,0
train/4931.png,0
train/1306.png,0
train/3945.png,0
train/4323.png,0
train/642.png,0
train/5247.png,0
train/1167.png,0
train/1670.png,1
train/3732.png,0
train/3453.png,0
train/3114.png,0
train/4475.png,0
train/2106.png,0
train/2867.png,0
train/3721.png,0
train/3323.png,0
train/1828.png,0
train/1093.png,0
train/5839.png,0
train/3510.png,1
train/607.png,0
train/631.png,0
train/5402.png,0
train/791.png,0
train/4803.png,0
train/3871.png,0
train/5121.png,1
train/3061.png,0
train/2064.png,1
train/1695.png,0
train/2699.png,1
train/4488.png,0
train/2611.png,0
train/1172.png,0
train/5814.png,1
train/5035.png,0
train/4613.png,0
train/1086.png,0
train/1419.png,0
train/2858.png,0
train/1688.png,0
train/1557.png,0
train/5527.png,0
train/5246.png,0
train/2883.png,0
train/2507.png,0
train/1981.png,0
train/5741.png,0
train/4473.png,0
train/4842.png,0
train/3005.png,0
train/3561.png,0
train/5053.png,0
train/915.png,0
train/3249.png,0
train/4674.png,0
train/3248.png,0
train/1761.png,0
train/1241.png,0
train/5147.png,0
train/2965.png,0
train/4290.png,0
train/3633.png,0
train/2311.png,0
train/965.png,0
train/1739.png,0
train/1066.png,0
train/3260.png,0
train/1666.png,0
train/3913.png,0
train/2587.png,1
train/1635.png,1
train/4968.png,0
train/2087.png,1
train/3286.png,0
train/3948.png,0
train/3440.png,0
train/2242.png,0
train/4054.png,0
train/621.png,0
train/4312.png,0
train/2558.png,0
train/2899.png,0
train/614.png,0
train/2784.png,0
train/3522.png,0
train/3244.png,0
train/5493.png,0
train/1178.png,0
train/2813.png,0
train/2369.png,0
train/5550.png,0
train/1700.png,0
train/4309.png,0
train/975.png,0
train/2510.png,0
train/1402.png,0
train/5622.png,0
train/2757.png,0
train/3943.png,0
train/879.png,0
train/2891.png,0
train/1607.png,1
train/3161.png,0
train/3297.png,0
train/1494.png,0
train/2890.png,0
train/935.png,0
train/5381.png,0
train/3103.png,0
train/2898.png,0
train/870.png,0
train/5754.png,0
train/2461.png,0
train/2725.png,0
train/3417.png,0
train/3137.png,0
train/1876.png,0
train/2673.png,0
train/1920.png,0
train/2765.png,0
train/4870.png,0
train/2445.png,0
train/5103.png,0
train/2266.png,0
train/2564.png,0
train/3013.png,0
train/2019.png,0
train/2537.png,0
train/2557.png,0
train/1433.png,1
train/3673.png,0
train/2223.png,0
train/1661.png,0
train/2436.png,0
train/2697.png,0
train/3307.png,0
train/3186.png,0
train/3656.png,0
train/1551.png,0
train/2307.png,0
train/4944.png,0
train/5173.png,1
train/1946.png,0
train/673.png,0
train/2099.png,0
train/4042.png,0
train/3183.png,0
train/2305.png,0
train/3608.png,0
train/4104.png,0
train/5317.png,0
train/5929.png,0
train/758.png,0
train/1378.png,0
train/4582.png,0
train/5288.png,0
train/1045.png,0
train/2651.png,0
train/5084.png,0
train/3210.png,0
train/2272.png,0
train/4645.png,0
train/1123.png,0
train/5744.png,0
train/2602.png,0
train/1300.png,0
train/5350.png,0
train/3965.png,0
train/1393.png,0
train/3699.png,0
train/1897.png,0
train/5631.png,0
train/3485.png,0
train/4306.png,0
train/5189.png,0
train/2102.png,0
train/2049.png,0
train/2113.png,0
train/4022.png,0
train/2571.png,0
train/5000.png,0
train/1536.png,0
train/3400.png,0
train/1736.png,0
train/5197.png,0
train/3349.png,0
train/5199.png,0
train/2746.png,0
train/2695.png,0
train/1677.png,1
train/2110.png,0
train/959.png,0
train/1379.png,0
train/1474.png,0
train/3746.png,0
train/5041.png,1
train/3681.png,0
train/1671.png,0
train/3170.png,0
train/1749.png,0
train/3804.png,0
train/3327.png,0
train/3812.png,0
train/4028.png,0
train/4877.png,0
train/1615.png,0
train/4067.png,0
train/2524.png,0
train/1956.png,0
train/682.png,0
train/4485.png,0
train/2646.png,0
train/3464.png,0
train/700.png,0
train/1604.png,0
train/4959.png,0
train/5560.png,0
train/2969.png,0
train/4818.png,0
train/1987.png,1
train/709.png,0
train/3135.png,0
train/2384.png,0
train/5430.png,0
train/4184.png,0
train/3837.png,0
train/1386.png,0
train/1089.png,0
train/2290.png,0
train/1951.png,0
train/1580.png,0
train/1790.png,0
train/5590.png,0
train/5286.png,0
train/3536.png,0
train/1060.png,0
train/2162.png,0
train/5565.png,0
train/2976.png,0
train/3115.png,0
train/3992.png,0
train/4898.png,0
train/2074.png,0
train/5070.png,0
train/5624.png,0
train/5137.png,0
train/1754.png,0
train/4330.png,0
train/3003.png,0
train/3978.png,1
train/639.png,0
train/4601.png,0
train/4518.png,0
train/5051.png,0
train/5387.png,0
train/5793.png,0
train/733.png,0
train/3041.png,0
train/2122.png,0
train/2487.png,0
train/1830.png,0
train/4593.png,0
train/3521.png,0
train/908.png,0
train/3716.png,0
train/1903.png,0
train/2139.png,0
train/3206.png,0
train/596.png,1
train/655.png,0
train/2561.png,0
train/4337.png,0
train/3711.png,0
train/4153.png,0
train/5411.png,0
train/2645.png,0
train/2498.png,0
train/1036.png,0
train/4833.png,0
train/802.png,1
train/3725.png,0
train/4212.png,0
train/3651.png,0
train/4297.png,1
train/2286.png,0
train/1720.png,0
train/3339.png,0
train/5781.png,0
train/2740.png,0
train/3382.png,0
train/5198.png,0
train/1010.png,0
train/4295.png,0
train/714.png,0
train/4528.png,0
train/5895.png,0
train/2593.png,0
train/5736.png,0
train/4231.png,1
train/3556.png,0
train/4129.png,0
train/2131.png,0
train/1192.png,0
train/5694.png,0
train/5789.png,0
train/5468.png,0
train/4372.png,0
train/728.png,0
train/2932.png,0
train/2048.png,0
train/2828.png,0
train/5715.png,0
train/4590.png,0
train/3772.png,0
train/638.png,0
train/3067.png,0
train/2217.png,0
train/2211.png,1
train/5881.png,0
train/4032.png,0
train/4362.png,1
train/2163.png,0
train/1654.png,0
train/2232.png,0
train/1658.png,0
train/833.png,0
train/3738.png,0
train/2774.png,0
train/1864.png,0
train/5303.png,0
train/5208.png,0
train/2578.png,0
train/5908.png,0
train/2759.png,0
train/3073.png,0
train/4514.png,0
train/5633.png,0
train/2094.png,0
train/2318.png,0
train/4121.png,0
train/5077.png,0
train/5911.png,0
train/3428.png,0
train/4467.png,0
train/2805.png,0
train/2116.png,0
train/1929.png,0
train/4216.png,0
train/5022.png,0
train/3791.png,0
train/1907.png,0
train/5364.png,0
train/2006.png,0
train/3299.png,0
train/3854.png,0
train/652.png,0
train/3228.png,0
train/3430.png,0
train/3890.png,0
train/5361.png,0
train/1366.png,0
train/4431.png,0
train/2967.png,0
train/1934.png,0
train/5851.png,0
train/2827.png,0
train/1643.png,1
train/3645.png,0
train/3025.png,0
train/4568.png,0
train/3099.png,0
train/1276.png,0
train/1082.png,0
train/4202.png,0
train/3542.png,0
train/1598.png,0
train/5285.png,0
train/3256.png,0
train/3460.png,1
train/5603.png,0
train/660.png,0
train/4189.png,1
train/3332.png,0
train/5937.png,0
train/5403.png,0
train/5007.png,0
train/1147.png,0
train/4134.png,0
train/5272.png,0
train/3040.png,0
train/1076.png,0
train/838.png,0
train/3036.png,0
train/2146.png,0
train/2801.png,0
train/2463.png,0
train/5343.png,0
train/2613.png,0
train/1426.png,0
train/643.png,0
train/1353.png,1
train/2841.png,0
train/2216.png,0
train/5168.png,0
train/5472.png,0
train/1448.png,0
train/4123.png,0
train/1420.png,0
train/877.png,0
train/5264.png,0
train/4566.png,0
train/2335.png,0
train/4029.png,0
train/4757.png,0
train/592.png,1
train/3353.png,0
train/4620.png,0
train/4167.png,0
train/2789.png,0
train/1150.png,0
train/2329.png,0
train/4976.png,0
train/4726.png,0
train/954.png,0
train/5774.png,0
train/3527.png,0
train/5385.png,0
train/3750.png,0
train/667.png,0
train/2625.png,0
train/2690.png,0
train/5232.png,0
train/2933.png,0
train/2188.png,0
train/3821.png,1
train/1810.png,0
train/3330.png,0
train/3447.png,0
train/3373.png,1
train/4594.png,1
train/2900.png,0
train/1992.png,0
train/4209.png,0
train/3490.png,0
train/1663.png,0
train/5009.png,0
train/4459.png,0
train/1973.png,0
train/2768.png,0
train/3609.png,0
train/5281.png,0
train/5370.png,0
train/1786.png,0
train/2938.png,0
train/659.png,0
train/3289.png,0
train/2764.png,0
train/3211.png,0
train/4125.png,0
train/4576.png,0
train/2422.png,0
train/1020.png,0
train/2847.png,0
train/5676.png,0
train/4205.png,0
train/2249.png,0
train/3164.png,0
train/5095.png,0
train/5412.png,0
train/760.png,0
train/4784.png,0
train/617.png,0
train/2254.png,0
train/4707.png,0
train/5726.png,0
train/3502.png,0
train/4406.png,1
train/5709.png,1
train/2313.png,0
train/1446.png,0
train/3311.png,0
train/774.png,0
train/1555.png,0
train/4811.png,0
train/4331.png,0
train/4721.png,0
train/1767.png,0
train/1105.png,0
train/5171.png,0
train/5581.png,0
train/1109.png,1
train/5526.png,0
train/4998.png,0
train/1254.png,0
train/2818.png,0
train/3431.png,0
train/1916.png,0
train/3980.png,0
train/2679.png,0
train/1000.png,0
train/4530.png,0
train/3937.png,0
train/2634.png,0
train/2886.png,0
train/4681.png,0
train/1481.png,0
train/4507.png,0
train/5922.png,0
train/1175.png,0
train/867.png,0
train/2620.png,0
train/875.png,0
train/2483.png,0
train/4197.png,0
train/1362.png,0
train/4499.png,0
train/1133.png,0
train/2515.png,0
train/1908.png,0
train/3315.png,0
train/5884.png,0
train/3862.png,0
train/2546.png,0
train/3032.png,1
train/2453.png,0
train/3011.png,0
train/5064.png,0
train/5880.png,0
train/3506.png,0
train/2560.png,0
train/2035.png,0
train/1095.png,0
train/1336.png,0
train/811.png,0
train/2909.png,0
train/4719.png,0
train/4024.png,0
train/1890.png,0
train/5300.png,0
train/1022.png,0
train/2879.png,0
train/4014.png,0
train/1294.png,0
train/2720.png,0
train/1846.png,0
train/832.png,0
train/1447.png,0
train/630.png,0
train/994.png,0
train/5487.png,0
train/3920.png,0
train/5310.png,0
train/2594.png,0
train/3952.png,0
train/4792.png,0
train/4266.png,0
train/3125.png,0
train/1630.png,0
train/2782.png,0
train/5128.png,0
train/1621.png,0
train/3802.png,0
train/1453.png,0
train/2530.png,0
train/3715.png,1
train/4208.png,0
train/748.png,0
train/1948.png,0
train/2153.png,0
train/1562.png,0
train/5600.png,0
train/5934.png,0
train/2016.png,0
train/2504.png,0
train/918.png,0
train/2623.png,0
train/3718.png,0
train/5356.png,0
train/5444.png,0
train/4142.png,0
train/2947.png,0
train/2703.png,0
train/1924.png,1
train/1963.png,0
train/4325.png,0
train/2985.png,0
train/4948.png,0
train/4005.png,0
train/5011.png,0
train/2294.png,0
train/927.png,0
train/1891.png,0
train/4394.png,0
train/5516.png,0
train/2565.png,0
train/3165.png,0
train/1640.png,0
train/2797.png,1
train/989.png,1
train/656.png,0
train/5902.png,0
train/1120.png,0
train/1985.png,0
train/4357.png,0
train/1744.png,0
train/3859.png,0
train/4776.png,1
train/3084.png,0
train/2607.png,0
train/1507.png,0
train/5722.png,0
train/5882.png,1
train/1471.png,0
train/5242.png,0
train/3514.png,0
train/5052.png,0
train/4424.png,0
train/4564.png,0
train/2751.png,0
train/5142.png,0
train/5557.png,0
train/3404.png,0
train/3818.png,0
train/4301.png,0
train/2598.png,0
train/5123.png,0
train/2298.png,0
train/5357.png,0
train/3575.png,0
train/4985.png,0
train/3473.png,0
train/661.png,0
train/4841.png,0
train/1491.png,0
train/691.png,0
train/3851.png,0
train/4525.png,0
train/1493.png,0
train/2234.png,0
train/4855.png,0
train/3847.png,0
train/4056.png,0
train/4969.png,0
train/1794.png,0
train/701.png,0
train/5755.png,0
train/5678.png,0
train/4468.png,0
train/2227.png,0
train/2071.png,0
train/1559.png,0
train/4839.png,0
train/4119.png,0
train/1311.png,0
train/1259.png,0
train/5641.png,0
train/1177.png,0
train/1113.png,0
train/5892.png,0
train/2330.png,1
train/3314.png,0
train/2604.png,0
train/5018.png,0
train/1291.png,0
train/5762.png,0
train/2978.png,0
train/2817.png,0
train/3906.png,0
train/5048.png,0
train/3050.png,0
train/2126.png,0
train/1745.png,1
train/4352.png,0
train/3219.png,0
train/5780.png,0
train/1868.png,0
train/5075.png,0
train/2897.png,0
train/987.png,0
train/2280.png,0
train/4522.png,0
train/1371.png,1
train/1098.png,0
train/4599.png,0
train/2680.png,0
train/3119.png,0
train/4829.png,1
train/1239.png,0
train/5608.png,0
train/3376.png,0
train/2567.png,0
train/1302.png,0
train/2520.png,0
train/808.png,1
train/5725.png,0
train/5763.png,0
train/5939.png,0
train/4254.png,1
train/5936.png,0
train/2039.png,0
train/4276.png,0
train/5692.png,0
train/4163.png,0
train/3238.png,0
train/5333.png,0
train/814.png,0
train/941.png,0
train/2233.png,0
train/946.png,0
train/2659.png,0
train/4435.png,0
train/5222.png,0
train/4862.png,0
train/2930.png,0
train/5909.png,0
train/2203.png,0
train/1912.png,0
train/5729.png,1
train/2814.png,0
train/3858.png,0
train/5090.png,0
train/766.png,0
train/955.png,0
train/3001.png,0
train/3095.png,0
train/2910.png,0
train/1003.png,0
train/1919.png,0
train/2878.png,0
train/801.png,0
train/3236.png,0
train/3268.png,0
train/2522.png,0
train/1075.png,0
train/4198.png,0
train/2314.png,0
train/5599.png,0
train/5330.png,0
train/2394.png,0
train/4866.png,0
train/5459.png,1
train/1904.png,0
train/4099.png,0
train/2584.png,0
train/1914.png,0
train/4658.png,0
train/2386.png,0
train/1335.png,0
train/891.png,0
train/1240.png,0
train/4200.png,0
train/2450.png,0
train/5701.png,0
train/5696.png,1
train/4562.png,0
train/5751.png,1
train/3509.png,0
train/4692.png,0
train/2032.png,1
train/3631.png,0
train/5491.png,0
train/5273.png,1
train/2983.png,0
train/3171.png,0
train/1816.png,0
train/2836.png,1
train/3995.png,0
train/3199.png,0
train/4729.png,0
train/3762.png,0
train/3017.png,0
train/2434.png,0
train/5091.png,0
train/1715.png,0
train/3498.png,0
train/1841.png,0
train/2033.png,0
train/1842.png,0
train/1978.png,1
train/5878.png,1
train/1223.png,0
train/4502.png,0
train/1514.png,0
train/3075.png,0
train/2053.png,0
train/3834.png,0
train/5720.png,0
train/620.png,0
train/4556.png,0
train/4359.png,0
train/4000.png,0
train/4561.png,0
train/1694.png,0
train/1917.png,0
train/2984.png,0
train/2741.png,0
train/4282.png,0
train/876.png,0
train/871.png,0
train/5870.png,0
train/1649.png,0
train/1125.png,0
train/4623.png,0
train/853.png,0
train/5202.png,0
train/3658.png,1
train/749.png,0
train/4755.png,0
train/1061.png,0
train/1681.png,0
train/2627.png,0
train/4074.png,1
train/1040.png,0
train/3401.png,0
train/3671.png,0
train/2042.png,1
train/970.png,0
train/1062.png,0
train/2570.png,0
train/2996.png,0
train/770.png,0
train/1216.png,0
train/3817.png,0
train/5873.png,0
train/641.png,0
train/658.png,0
train/823.png,0
train/4373.png,0
train/4555.png,0
train/5932.png,0
train/3950.png,0
train/4643.png,0
train/640.png,1
train/755.png,0
train/4533.png,0
train/5136.png,1
train/5213.png,0
train/4128.png,0
train/2029.png,0
train/5575.png,0
train/3276.png,0
train/2338.png,0
train/3606.png,0
train/5276.png,1
train/5251.png,0
train/1295.png,0
train/2414.png,0
train/1910.png,0
train/5503.png,0
train/2000.png,0
train/2614.png,0
train/4994.png,0
train/2606.png,0
train/2791.png,0
train/3140.png,0
train/3872.png,0
train/3213.png,0
train/5155.png,0
train/1961.png,0
train/3664.png,0
train/3120.png,0
train/5626.png,0
train/2683.png,0
train/906.png,1
train/1625.png,0
train/5236.png,0
train/4288.png,0
train/4450.png,0
train/1783.png,0
train/3689.png,0
train/3692.png,0
train/4624.png,1
train/880.png,0
train/4401.png,0
train/1285.png,0
train/2393.png,0
train/4524.png,0
train/4259.png,0
train/1888.png,0
train/3039.png,0
train/3841.png,0
train/3917.png,0
train/4114.png,0
train/3306.png,0
train/1037.png,0
train/1964.png,0
train/1206.png,0
train/4894.png,0
train/3986.png,0
train/3855.png,0
train/5259.png,0
train/2103.png,0
train/1568.png,0
train/1415.png,0
train/4619.png,0
train/695.png,0
train/4493.png,0
train/2154.png,0
train/5196.png,0
train/2001.png,0
train/2057.png,0
train/3695.png,0
train/704.png,0
train/3618.png,0
train/5797.png,0
train/2475.png,0
train/1253.png,0
train/734.png,0
train/5268.png,0
train/5787.png,0
train/4247.png,0
train/3684.png,0
train/2181.png,0
train/1463.png,0
train/1558.png,0
train/2405.png,0
train/5714.png,0
train/3922.png,0
train/4768.png,0
train/2772.png,0
train/3283.png,0
train/1319.png,0
train/4203.png,1
train/4905.png,0
train/1839.png,0
train/1721.png,0
train/5082.png,0
train/5210.png,0
train/3741.png,0
train/2320.png,0
train/3188.png,0
train/3526.png,0
train/4565.png,0
train/2600.png,0
train/3860.png,0
train/5540.png,0
train/4952.png,0
train/3407.png,0
train/4446.png,0
train/5743.png,0
train/5721.png,0
train/4275.png,0
train/1669.png,0
train/3886.png,0
train/2171.png,0
train/1054.png,0
train/5838.png,0
train/2462.png,1
train/2084.png,0
train/1922.png,0
train/5258.png,0
train/5551.png,0
train/1989.png,0
train/5731.png,0
train/4079.png,0
train/2138.png,0
train/4625.png,0
train/1777.png,0
train/1882.png,0
train/3405.png,1
train/1893.png,0
train/1011.png,0
train/1734.png,0
train/1738.png,1
train/4832.png,0
train/3621.png,1
train/5549.png,0
train/4547.png,0
train/5025.png,0
train/4611.png,0
train/2572.png,1
train/2075.png,0
train/4271.png,0
train/3253.png,0
train/1451.png,0
train/1610.png,0
train/4480.png,0
train/996.png,0
train/2129.png,0
train/2240.png,1
train/5294.png,0
train/2133.png,0
train/2540.png,0
train/5477.png,0
train/3954.png,0
train/4934.png,0
train/977.png,0
train/5390.png,0
train/5073.png,0
train/2410.png,0
train/2391.png,0
train/1277.png,0
train/4517.png,0
train/2826.png,0
train/4693.png,0
train/5327.png,0
train/2199.png,0
train/4002.png,0
train/2918.png,0
train/1067.png,0
train/3024.png,0
train/2631.png,0
train/4569.png,0
train/1707.png,0
train/5297.png,0
train/2024.png,1
train/2411.png,0
train/4586.png,0
train/1050.png,0
train/1030.png,0
train/1575.png,0
train/3824.png,0
train/4118.png,0
train/3419.png,0
train/1198.png,0
train/1272.png,0
train/3231.png,0
train/1719.png,0
train/3499.png,0
train/4651.png,0
train/916.png,0
train/3478.png,0
train/2325.png,0
train/5917.png,0
train/2137.png,0
train/3900.png,0
train/2857.png,0
train/1384.png,0
train/3182.png,0
train/4491.png,0
train/5801.png,0
train/2214.png,0
train/3677.png,0
train/2608.png,1
train/5862.png,0
train/3714.png,0
train/2244.png,0
train/4269.png,0
train/5708.png,0
train/3420.png,0
train/3544.png,0
train/2186.png,0
train/5518.png,0
train/3713.png,1
train/4426.png,0
train/4992.png,0
train/5522.png,0
train/3352.png,0
train/1339.png,0
train/2798.png,1
train/4797.png,0
train/3883.png,1
train/3372.png,0
train/4756.png,0
train/2936.png,0
train/1033.png,0
train/4464.png,0
train/4284.png,0
train/2457.png,0
train/5301.png,0
train/980.png,0
train/1645.png,0
train/903.png,0
train/5860.png,0
train/2191.png,0
train/1374.png,0
train/4386.png,0
train/1878.png,1
train/3532.png,0
train/3063.png,0
train/5418.png,0
train/3709.png,0
train/5254.png,0
train/2577.png,0
train/2628.png,0
train/866.png,0
train/3909.png,0
train/1162.png,0
train/2860.png,1
train/1064.png,0
train/5699.png,0
train/1372.png,0
train/5209.png,0
train/5850.png,0
train/2923.png,0
train/5265.png,0
train/3375.png,0
train/3092.png,0
train/2424.png,0
train/1304.png,0
train/5601.png,1
train/1051.png,0
train/5388.png,0
train/1768.png,0
train/3518.png,0
train/5617.png,0
train/2881.png,0
train/4047.png,0
train/3034.png,0
train/5621.png,0
train/4498.png,1
train/1325.png,0
train/3935.png,0
train/4109.png,0
train/2002.png,0
train/4182.png,0
train/1637.png,0
train/5517.png,0
train/1112.png,1
train/3571.png,0
train/3796.png,0
train/1708.png,0
train/5372.png,0
train/2037.png,0
train/4021.png,0
train/4824.png,0
train/4763.png,0
train/2728.png,0
train/1279.png,0
train/1039.png,0
train/4363.png,0
train/2615.png,0
train/1227.png,1
train/1822.png,0
train/4990.png,0
train/4912.png,0
train/5371.png,0
train/777.png,0
train/5533.png,0
train/2669.png,0
train/4640.png,1
train/2435.png,0
train/1466.png,0
train/5061.png,0
train/3694.png,0
train/4393.png,0
train/1524.png,0
train/5141.png,0
train/598.png,0
train/4634.png,0
train/3788.png,1
train/2742.png,0
train/2441.png,1
train/5772.png,0
train/3233.png,0
train/609.png,0
train/4096.png,0
train/5688.png,0
train/4750.png,1
train/4383.png,0
train/5476.png,1
train/1902.png,0
train/3088.png,0
train/5366.png,0
train/1576.png,0
train/3670.png,0
train/5252.png,0
train/4051.png,1
train/3505.png,0
train/4516.png,0
train/5806.png,0
train/3240.png,0
train/2895.png,0
train/836.png,0
train/4967.png,0
train/4387.png,0
train/856.png,0
train/2553.png,0
train/4278.png,0
train/2444.png,0
train/4731.png,0
train/3758.png,0
train/3491.png,1
train/5384.png,0
train/5705.png,0
train/3755.png,0
train/725.png,0
train/2317.png,0
train/1564.png,0
train/1498.png,0
train/5478.png,0
train/799.png,0
train/2490.png,0
train/2051.png,0
train/2964.png,0
train/2257.png,0
train/2339.png,0
train/2423.png,0
train/3774.png,1
train/3027.png,0
train/1364.png,0
train/1059.png,0
train/1851.png,0
train/3568.png,0
train/1750.png,0
train/2073.png,0
train/4336.png,0
train/1601.png,0
train/2011.png,0
train/5871.png,1
train/2901.png,0
train/2022.png,0
train/5572.png,0
train/1085.png,0
train/4487.png,0
train/1225.png,0
train/2962.png,0
train/937.png,0
train/753.png,0
train/4220.png,0
train/5160.png,0
train/2580.png,0
train/4980.png,0
train/2446.png,0
train/2686.png,0
train/3942.png,0
train/2361.png,0
train/3701.png,0
train/2261.png,0
train/5579.png,0
train/3150.png,0
train/1972.png,0
train/5037.png,0
train/2440.png,0
train/1526.png,1
train/5406.png,0
train/4157.png,0
train/2262.png,1
train/3004.png,0
train/5233.png,0
train/4923.png,0
train/2737.png,0
train/1442.png,0
train/1835.png,0
train/4683.png,0
train/2525.png,0
train/4055.png,0
train/3309.png,0
train/5467.png,0
train/2082.png,0
train/5576.png,0
train/1354.png,0
train/2044.png,0
train/3052.png,0
train/4360.png,0
train/5339.png,0
train/949.png,0
train/1107.png,0
train/1246.png,0
train/5707.png,0
train/3227.png,1
train/4240.png,0
train/1270.png,0
train/2853.png,0
train/4665.png,1
train/2120.png,0
train/1360.png,0
train/2713.png,1
train/4239.png,0
train/2773.png,0
train/3754.png,0
train/5481.png,0
train/4344.png,0
train/806.png,0
train/2722.png,0
train/5886.png,0
train/2925.png,0
train/3959.png,0
train/2143.png,0
train/1072.png,0
train/1013.png,0
train/2193.png,0
train/1315.png,0
train/2282.png,0
train/2676.png,0
train/3044.png,0
train/764.png,0
train/602.png,1
train/3252.png,0
train/5785.png,0
train/1770.png,0
train/1174.png,0
train/2821.png,0
train/2447.png,0
train/2474.png,0
train/3130.png,0
train/2427.png,0
train/759.png,0
train/3991.png,0
train/2926.png,0
train/2929.png,0
train/5159.png,0
train/1411.png,0
train/920.png,0
train/2583.png,0
train/1229.png,0
train/5644.png,0
train/2843.png,0
train/2067.png,0
train/4705.png,0
train/1331.png,0
train/5431.png,0
train/1976.png,0
train/3551.png,0
train/3907.png,0
train/3856.png,0
train/1296.png,0
train/1539.png,0
train/3083.png,0
train/2486.png,0
train/719.png,0
train/1871.png,0
train/5192.png,0
train/3619.png,0
train/3250.png,0
train/4481.png,0
train/4738.png,0
train/4679.png,0
train/4420.png,0
train/1298.png,0
train/3584.png,0
train/3676.png,0
train/3046.png,0
train/3828.png,0
train/5824.png,0
train/4097.png,0
train/4102.png,0
train/3106.png,0
train/3511.png,0
train/5347.png,0
train/1182.png,0
train/3780.png,0
train/5153.png,0
train/1434.png,0
train/4747.png,0
train/3596.png,0
train/4365.png,0
train/4661.png,0
train/5808.png,0
train/3569.png,0
train/5831.png,0
train/3465.png,0
train/5629.png,0
train/2632.png,0
train/3896.png,0
train/5852.png,0
train/4583.png,1
train/2779.png,0
train/5457.png,0
train/5270.png,0
train/3763.png,0
train/2404.png,0
train/4049.png,0
train/4195.png,0
train/4260.png,0
train/4534.png,0
train/2796.png,0
train/4098.png,0
train/3601.png,0
train/3919.png,0
train/4318.png,0
train/1490.png,0
train/1837.png,0
train/2957.png,1
train/4632.png,0
train/2370.png,0
train/2968.png,0
train/5397.png,0
train/5204.png,0
train/5400.png,1
train/2959.png,0
train/2400.png,0
train/998.png,0
train/712.png,0
train/2597.png,0
train/5368.png,0
train/3748.png,0
train/1152.png,0
train/5047.png,0
train/2356.png,0
train/4159.png,0
train/608.png,0
train/888.png,0
train/3895.png,0
train/3668.png,0
train/4887.png,0
train/4064.png,0
train/3863.png,0
train/4019.png,1
train/4151.png,0
train/3753.png,0
train/1305.png,0
train/2238.png,0
train/4004.png,0
train/5679.png,0
train/4364.png,0
train/1231.png,0
train/4831.png,1
train/5630.png,0
train/4347.png,0
train/1307.png,0
train/3222.png,0
train/1751.png,0
train/1713.png,0
train/2548.png,0
train/3757.png,0
train/1898.png,0
train/1303.png,0
train/1900.png,0
train/3423.png,0
train/1334.png,0
train/2247.png,0
train/1827.png,0
train/2599.png,0
train/5151.png,0
train/3870.png,0
train/2521.png,1
train/3515.png,0
train/3577.png,0
train/1603.png,0
train/1265.png,0
train/2849.png,1
train/5905.png,0
train/4958.png,0
train/4603.png,0
train/5512.png,0
train/5446.png,0
train/1428.png,0
train/5812.png,0
train/1939.png,0
train/1534.png,0
train/3582.png,0
train/2655.png,0
train/2448.png,0
train/2455.png,1
train/5355.png,0
train/1312.png,0
train/5899.png,1
train/3805.png,0
train/4840.png,0
train/1278.png,0
train/5474.png,0
train/2762.png,0
train/4639.png,0
train/1921.png,0
train/1208.png,0
train/5561.png,0
train/5842.png,0
train/2815.png,0
train/1027.png,0
train/4273.png,0
train/1701.png,0
train/4567.png,0
train/5488.png,1
train/3580.png,0
train/3686.png,0
train/5830.png,0
train/4060.png,0
train/2832.png,0
train/4302.png,0
train/1219.png,0
train/3722.png,0
train/3558.png,0
train/1258.png,0
train/3051.png,0
train/693.png,0
train/1456.png,0
train/2312.png,0
train/3169.png,0
train/2308.png,0
train/1703.png,0
train/844.png,0
train/4523.png,0
train/4844.png,0
train/2114.png,0
train/4479.png,0
train/4539.png,1
train/4063.png,0
train/612.png,0
train/5872.png,0
train/3361.png,0
train/3072.png,0
train/5020.png,0
train/929.png,0
train/1154.png,0
train/4983.png,0
train/2456.png,0
train/4008.png,0
train/4820.png,0
train/4447.png,0
train/5138.png,0
train/3358.png,0
train/3391.png,0
train/5191.png,0
train/2694.png,0
train/5555.png,0
train/5180.png,0
train/2118.png,0
train/3719.png,0
train/2269.png,0
train/1679.png,0
train/3230.png,0
train/1779.png,0
train/2928.png,0
train/1405.png,1
train/1388.png,0
train/4766.png,0
train/3622.png,0
train/3328.png,0
train/3823.png,0
train/794.png,0
train/1687.png,0
train/4592.png,1
train/1870.png,0
train/2830.png,0
train/2865.png,0
train/2974.png,0
train/2549.png,0
train/2068.png,0
train/863.png,0
train/4139.png,0
train/4950.png,1
train/4650.png,0
train/1425.png,0
train/3313.png,1
train/2868.png,0
train/2204.png,0
train/2707.png,0
train/5791.png,0
train/4817.png,0
train/2426.png,0
train/2382.png,0
train/5867.png,0
train/5685.png,0
train/4013.png,0
train/4455.png,0
train/4228.png,0
train/3479.png,0
train/3983.png,0
train/4299.png,0
train/1122.png,0
train/4689.png,0
train/4854.png,0
train/5525.png,0
train/4878.png,0
train/3984.png,0
train/3076.png,0
train/3410.png,0
train/5523.png,0
train/3089.png,1
train/3749.png,0
train/4788.png,0
train/2855.png,0
train/1675.png,0
train/3578.png,0
train/5116.png,0
train/1722.png,0
train/664.png,0
train/1815.png,0
train/1689.png,0
train/1347.png,0
train/4783.png,0
train/2385.png,0
train/5879.png,0
train/2213.png,1
train/5900.png,0
train/3585.png,1
train/4578.png,0
train/4802.png,0
train/3918.png,1
train/5469.png,0
train/3936.png,0
train/3786.png,0
train/4456.png,0
train/4283.png,0
train/2107.png,0
train/671.png,0
train/1170.png,0
train/4171.png,0
train/3795.png,0
train/2552.png,0
train/4806.png,0
train/953.png,0
train/1748.png,0
train/5395.png,0
train/5928.png,0
train/4179.png,0
train/740.png,0
train/1200.png,0
train/3463.png,0
train/1376.png,0
train/3641.png,0
train/4308.png,0
train/1542.png,0
train/2734.png,0
train/4606.png,0
train/5114.png,0
train/2863.png,0
train/5145.png,1
train/615.png,0
train/4334.png,0
train/4103.png,0
train/1969.png,0
train/5096.png,0
train/4224.png,1
train/5036.png,0
train/2934.png,0
train/1780.png,0
train/5328.png,0
train/5492.png,0
train/3799.png,0
train/4664.png,0
train/3708.png,0
train/2531.png,0
train/2906.png,0
train/2402.png,0
train/3179.png,0
train/595.png,0
train/883.png,0
train/1210.png,0
train/2887.png,0
train/2425.png,0
train/1698.png,0
train/4629.png,0
train/1537.png,0
train/5589.png,0
train/5028.png,0
train/2332.png,0
train/2245.png,0
train/4897.png,0
train/2866.png,0
train/1743.png,0
train/1579.png,0
train/4474.png,0
train/4392.png,0
train/5515.png,0
train/2743.png,0
train/5748.png,0
train/5646.png,0
train/4291.png,0
train/1949.png,0
train/3397.png,0
train/5698.png,0
train/2010.png,0
train/2336.png,0
train/1189.png,0
train/3888.png,1
train/2008.png,0
train/3734.png,0
train/1268.png,0
train/3657.png,1
train/3066.png,0
train/2017.png,0
train/5521.png,0
train/4206.png,0
train/3611.png,0
train/3926.png,0
train/2652.png,0
train/4991.png,0
train/2166.png,0
train/5735.png,0
train/979.png,0
train/878.png,0
train/4262.png,0
train/5054.png,0
train/3134.png,0
train/2005.png,0
train/885.png,0
train/3853.png,0
train/5323.png,0
train/5529.png,0
train/3899.png,0
train/1938.png,0
train/1597.png,0
train/4165.png,1
train/2319.png,0
train/4057.png,0
train/4370.png,0
train/623.png,0
train/5718.png,0
train/4213.png,0
train/2091.png,0
train/2145.png,0
train/3197.png,0
train/3873.png,0
train/4115.png,0
train/1188.png,0
train/3439.png,0
train/5893.png,1
train/2509.png,0
train/5807.png,0
train/1567.png,0
train/5257.png,0
train/2360.png,0
train/1145.png,0
train/789.png,0
train/775.png,0
train/3028.png,0
train/2777.png,1
train/1424.png,0
train/2550.png,0
train/5241.png,1
train/776.png,1
train/2236.png,0
train/3627.png,0
train/5074.png,1
train/5167.png,1
train/5784.png,0
train/2342.png,1
train/3310.png,0
train/5230.png,0
train/3152.png,0
train/2237.png,0
train/5080.png,0
train/3874.png,0
train/1773.png,0
train/4076.png,1
train/2975.png,0
train/3493.png,1
train/722.png,0
train/834.png,0
train/2340.png,0
train/3921.png,0
train/1042.png,0
train/3570.png,0
train/4070.png,0
train/5087.png,0
train/2381.png,0
train/5447.png,1
train/2470.png,0
train/5079.png,0
train/2407.png,0
train/3271.png,0
train/1142.png,0
train/3967.png,0
train/4027.png,0
train/715.png,0
train/2563.png,0
train/2595.png,0
train/4745.png,0
train/2174.png,0
train/4845.png,0
train/2534.png,0
train/1262.png,1
train/4791.png,0
train/2101.png,0
train/2678.png,0
train/1074.png,0
train/4896.png,0
train/2333.png,0
train/1441.png,0
train/5792.png,0
train/3512.png,0
train/3038.png,0
train/3958.png,0
train/2399.png,0
train/2920.png,0
train/1234.png,0
train/1947.png,0
train/1232.png,0
train/3042.png,0
train/3822.png,0
train/1130.png,1
train/4773.png,0
train/4088.png,0
train/4003.png,0
train/5365.png,0
train/4691.png,0
train/2986.png,0
train/2358.png,0
train/3254.png,0
train/3742.png,0
train/1118.png,0
train/829.png,0
train/5672.png,0
train/1974.png,1
train/2660.png,0
train/1711.png,1
train/4695.png,0
train/1913.png,1
train/839.png,0
train/4199.png,1
train/1323.png,0
train/5081.png,0
train/1520.png,0
train/1091.png,0
train/2710.png,0
train/4778.png,0
train/5841.png,0
train/2467.png,0
train/3427.png,0
train/4717.png,0
train/4965.png,0
train/1252.png,0
train/5078.png,0
train/3613.png,0
train/3957.png,0
train/4615.png,0
train/2941.png,1
train/5483.png,0
train/3384.png,0
train/2012.png,0
train/4770.png,0
train/3640.png,0
train/2105.png,0
train/1324.png,1
train/4400.png,0
train/5245.png,0
train/3567.png,1
train/1820.png,0
train/4192.png,0
train/4416.png,0
train/5175.png,0
train/2800.png,0
train/1345.png,0
train/1594.png,0
train/5313.png,0
train/2309.png,0
train/5848.png,1
train/3434.png,0
train/739.png,0
train/697.png,0
train/1954.png,0
train/2769.png,0
train/1807.png,0
train/1646.png,0
train/4223.png,0
train/601.png,0
train/1115.png,0
train/3576.png,0
train/4888.png,0
train/5379.png,0
train/3598.png,0
train/934.png,0
train/3255.png,0
train/4441.png,0
train/4409.png,0
train/4025.png,0
train/5753.png,0
train/5120.png,0
train/1636.png,0
train/4207.png,0
train/4191.png,0
train/4699.png,0
train/3704.png,0
train/2946.png,0
train/4442.png,1
train/3770.png,0
train/5261.png,0
train/2063.png,0
train/4704.png,0
train/1726.png,0
train/4909.png,0
train/3717.png,0
train/4149.png,0
train/3322.png,0
train/1854.png,1
train/5582.png,0
train/3456.png,0
train/3698.png,0
train/4234.png,1
train/1063.png,0
train/1184.png,0
train/5104.png,1
train/3771.png,0
train/3380.png,0
train/2066.png,0
train/3776.png,0
train/5625.png,0
train/5511.png,0
train/5580.png,0
train/3331.png,0
train/1156.png,0
train/1380.png,0
train/2377.png,0
train/3142.png,0
train/4181.png,0
train/4805.png,0
train/4477.png,0
train/3205.png,0
train/5604.png,0
train/4723.png,0
train/5869.png,0
train/952.png,0
train/3318.png,0
train/1895.png,0
train/2365.png,0
train/828.png,0
train/4646.png,0
train/3503.png,0
train/2542.png,0
train/3970.png,0
train/2711.png,0
train/4911.png,0
train/5804.png,0
train/3520.png,0
train/3513.png,1
train/4413.png,0
train/4377.png,0
train/3797.png,0
train/4895.png,0
train/4177.png,1
train/5659.png,0
train/4621.png,0
train/813.png,0
train/3905.png,0
train/1436.png,0
train/2755.png,0
train/2380.png,0
train/2437.png,0
train/2616.png,0
train/3646.png,0
train/2610.png,0
train/1432.png,0
train/5585.png,0
train/1346.png,0
train/741.png,0
train/3301.png,0
train/2640.png,0
train/2739.png,1
train/4711.png,1
train/4230.png,0
train/5799.png,0
train/4150.png,1
train/1284.png,0
train/2526.png,0
train/2781.png,0
train/3560.png,0
train/3348.png,0
train/3740.png,0
train/2844.png,0
train/2714.png,1
train/4532.png,0
train/1812.png,0
train/2189.png,0
train/3697.png,0
train/5931.png,1
train/5471.png,0
train/3803.png,0
train/3414.png,0
train/2366.png,0
train/1547.png,0
train/2287.png,0
train/2115.png,0
train/5788.png,0
train/933.png,0
train/1608.png,0
train/1572.png,0
train/827.png,0
train/790.png,0
train/4605.png,0
train/1477.png,0
train/4255.png,0
train/5675.png,0
train/3077.png,0
train/4242.png,0
train/3813.png,0
train/1412.png,0
train/1672.png,0
train/2123.png,0
train/4339.png,0
train/1581.png,0
train/1725.png,0
train/1569.png,0
train/5016.png,0
train/4949.png,0
train/4249.png,0
train/944.png,0
train/800.png,0
train/4617.png,0
train/3270.png,0
train/1792.png,0
train/1832.png,1
train/5337.png,0
train/1260.png,0
train/5351.png,0
train/1352.png,1
train/3924.png,0
train/1318.png,1
train/4010.png,0
train/899.png,0
train/2472.png,0
train/5269.png,0
train/2873.png,0
train/1187.png,0
train/676.png,0
train/1595.png,0
train/1809.png,0
train/1782.png,0
train/1984.png,0
train/4772.png,0
train/738.png,1
train/769.png,0
train/2148.png,0
train/1632.png,1
train/4570.png,0
train/1031.png,0
train/809.png,0
train/2569.png,0
train/5283.png,1
train/5834.png,0
train/4780.png,0
train/1752.png,0
train/5124.png,0
train/5392.png,0
train/2942.png,0
train/3785.png,0
train/5278.png,1
train/1084.png,0
train/5282.png,0
train/4180.png,0
train/5513.png,0
train/4857.png,0
train/4508.png,0
train/4444.png,0
train/1823.png,0
train/1330.png,0
train/1293.png,0
train/1397.png,0
train/1081.png,0
train/1591.png,0
train/665.png,0
train/3865.png,0
train/2689.png,1
train/1950.png,0
train/4232.png,0
train/5695.png,0
train/874.png,0
train/1867.png,0
train/4218.png,0
train/4869.png,0
train/837.png,1
train/5462.png,0
train/2698.png,0
train/4609.png,0
train/1489.png,0
train/4938.png,0
train/4256.png,0
train/5866.png,0
train/5706.png,0
train/4686.png,0
train/5615.png,0
train/2770.png,0
train/2945.png,0
train/787.png,0
train/4343.png,0
train/4889.png,0
train/1756.png,0
train/5484.png,0
train/3707.png,0
train/1092.png,0
train/4389.png,0
train/3655.png,0
train/4779.png,0
train/2835.png,0
train/2300.png,1
train/5727.png,0
train/1139.png,0
train/2823.png,0
train/5710.png,0
train/5702.png,0
train/2180.png,0
train/1444.png,0
train/5506.png,0
train/1449.png,0
train/1342.png,0
train/3043.png,0
train/4138.png,0
train/4859.png,0
train/1651.png,0
train/3006.png,0
train/3367.png,0
train/1465.png,0
train/4698.png,0
train/4418.png,1
train/4196.png,0
train/3893.png,0
train/5107.png,0
train/1656.png,0
train/1264.png,0
train/5425.png,0
train/846.png,0
train/2397.png,0
train/5693.png,0
train/3700.png,0
train/822.png,0
train/2158.png,0
train/4677.png,0
train/2303.png,0
train/2609.png,0
train/4892.png,0
train/4575.png,0
train/2438.png,0
train/964.png,0
train/1164.png,0
train/1005.png,0
train/4169.png,0
train/5612.png,0
train/854.png,0
train/2157.png,0
train/627.png,0
train/5742.png,0
train/1587.png,0
train/1281.png,0
train/3243.png,0
train/1097.png,0
train/2758.png,0
train/4826.png,0
train/2495.png,0
train/1690.png,0
train/5034.png,0
train/4162.png,0
train/1149.png,0
train/4864.png,0
train/1540.png,0
train/4131.png,0
train/1774.png,0
train/3665.png,0
train/1836.png,0
train/4559.png,0
train/1006.png,0
train/3846.png,1
train/5864.png,1
train/1724.png,0
train/3324.png,0
train/3927.png,0
train/2080.png,0
train/1221.png,0
train/1144.png,0
train/645.png,0
train/5740.png,0
train/3737.png,0
train/1141.png,0
train/2179.png,0
train/3185.png,0
train/2971.png,0
train/5013.png,0
train/4293.png,0
train/3525.png,0
train/4471.png,0
train/3826.png,0
train/4899.png,0
train/1087.png,0
train/2511.png,0
train/4375.png,0
train/5140.png,0
train/5166.png,1
train/5611.png,1
train/1288.png,0
train/4087.png,1
train/895.png,0
train/914.png,0
train/5201.png,0
train/1215.png,1
train/3383.png,0
train/5093.png,0
train/4644.png,1
train/2716.png,0
train/3840.png,0
train/5099.png,1
train/1925.png,0
train/3098.png,1
train/3110.png,0
train/1180.png,0
train/816.png,0
train/1458.png,0
train/3987.png,0
train/3835.png,0
train/3496.png,0
train/1899.png,0
train/4986.png,0
train/3471.png,0
train/2111.png,0
train/1531.png,0
train/3008.png,0
train/5669.png,0
train/3962.png,0
train/5234.png,1
train/4268.png,0
train/1249.png,0
train/5541.png,0
train/2745.png,0
train/4204.png,0
train/4166.png,0
train/5553.png,0
train/1959.png,0
train/4469.png,0
train/5235.png,0
train/4908.png,0
train/881.png,0
train/2134.png,0
train/5623.png,0
train/1111.png,0
train/3617.png,0
train/5747.png,0
train/4226.png,0
train/4574.png,0
train/5008.png,0
train/2141.png,0
train/4120.png,0
train/5437.png,1
train/5404.png,1
train/1829.png,0
train/3523.png,0
train/5318.png,0
train/5086.png,0
train/2316.png,0
train/943.png,0
train/1247.png,0
train/4503.png,0
train/3989.png,1
train/1571.png,0
train/5203.png,0
train/2508.png,0
train/2359.png,0
train/3422.png,0
train/3777.png,0
train/4345.png,0
train/2672.png,0
train/4607.png,0
train/2854.png,0
train/1214.png,0
train/5756.png,0
train/1737.png,0
train/1824.png,0
train/1320.png,0
train/896.png,0
train/1032.png,0
train/1390.png,0
train/3178.png,0
train/5594.png,0
train/2471.png,0
train/2630.png,0
train/4978.png,0
train/1186.png,0
train/4989.png,1
train/3060.png,0
train/4551.png,0
train/4865.png,0
train/5184.png,0
train/1638.png,0
train/4942.png,0
train/5840.png,0
train/1217.png,0
train/5358.png,0
train/4113.png,0
train/1483.png,1
train/5548.png,0
train/5194.png,0
train/5803.png,0
train/5271.png,0
train/4322.png,0
train/3337.png,0
train/5752.png,0
train/4626.png,0
train/1622.png,0
train/2912.png,0
train/2430.png,1
train/4546.png,0
train/2922.png,0
train/3782.png,0
train/5538.png,0
train/5919.png,0
train/3744.png,1
train/5154.png,0
train/3705.png,1
train/4649.png,0
train/4437.png,0
train/1609.png,0
train/5461.png,0
train/5498.png,0
train/4596.png,0
train/680.png,0
train/2155.png,0
train/849.png,0
train/3394.png,0
train/4303.png,0
train/4867.png,0
train/4918.png,0
train/1236.png,0
train/2239.png,0
train/4730.png,0
train/2536.png,0
train/5305.png,0
train/4962.png,0
train/4716.png,0
train/5150.png,0
train/3212.png,1
train/4815.png,0
train/1993.png,0
train/5822.png,0
train/1605.png,0
train/3809.png,0
train/3745.png,0
train/4720.png,0
train/5225.png,0
train/5266.png,0
train/3436.png,0
train/2877.png,1
train/1541.png,0
train/4521.png,0
train/1633.png,0
train/5683.png,0
train/4258.png,0
train/5097.png,0
train/637.png,0
train/2708.png,0
train/5394.png,0
train/5636.png,0
train/2004.png,0
train/2997.png,0
train/4972.png,0
train/3588.png,0
train/629.png,0
train/5055.png,0
train/5921.png,0
train/3181.png,0
train/2935.png,0
train/2738.png,0
train/3411.png,0
train/4300.png,0
train/2357.png,0
train/1804.png,0
train/1556.png,0
train/2192.png,0
train/3202.png,0
train/4075.png,0
train/1404.png,0
train/3605.png,0
train/669.png,0
train/3808.png,0
train/4296.png,0
train/1041.png,0
train/1865.png,0
train/1966.png,0
train/3798.png,0
train/1747.png,0
train/3504.png,0
train/4682.png,0
train/4327.png,0
train/1970.png,0
train/3724.png,0
train/3982.png,0
train/3533.png,1
train/4515.png,0
train/2727.png,0
train/5244.png,0
train/1230.png,0
train/1088.png,0
train/5605.png,0
train/5837.png,0
train/2040.png,0
train/4476.png,0
train/3779.png,0
train/2392.png,0
train/901.png,0
train/5810.png,0
train/1201.png,0
train/1775.png,0
train/3998.png,0
train/2992.png,0
train/4286.png,1
train/4696.png,0
train/3602.png,0
train/5348.png,1
train/4814.png,0
train/2493.png,0
train/4509.png,1
train/925.png,0
train/2576.png,0
train/3200.png,0
train/4727.png,1
train/4935.png,0
train/2466.png,0
train/2218.png,0
train/4222.png,0
train/4052.png,0
train/4636.png,1
train/2419.png,1
train/1486.png,0
train/2633.png,0
train/1266.png,0
train/3402.png,0
train/3053.png,0
train/2916.png,0
train/2127.png,0
train/3163.png,0
train/3997.png,0
train/5092.png,0
train/821.png,0
train/4101.png,0
train/2219.png,0
train/744.png,1
train/3849.png,0
train/4795.png,1
train/2621.png,0
train/2352.png,0
train/1696.png,0
train/3381.png,0
train/3629.png,0
train/4039.png,0
train/831.png,0
train/5237.png,0
train/1480.png,0
train/2081.png,1
train/1940.png,0
train/5249.png,0
train/3258.png,0
train/5275.png,0
train/1740.png,0
train/3078.png,0
train/3461.png,0
train/1080.png,0
train/5535.png,0
train/3861.png,0
train/l_0.png,0
train/l_1.png,0
train/l_2.png,0
train/l_3.png,0
train/l_4.png,0
train/l_5.png,0
train/l_6.png,0
train/l_7.png,0
train/l_8.png,0
train/l_9.png,0
train/l_10.png,0
train/l_11.png,0
train/l_12.png,0
train/l_13.png,0
train/l_14.png,0
train/l_15.png,0
train/l_16.png,0
train/l_17.png,0
train/l_18.png,0
train/l_19.png,0
train/l_20.png,1
train/l_21.png,0
train/l_22.png,0
train/l_23.png,0
train/l_24.png,0
train/l_25.png,0
train/l_26.png,0
train/l_27.png,0
train/l_28.png,0
train/l_29.png,0
train/l_30.png,0
train/l_31.png,0
train/l_32.png,0
train/l_33.png,0
train/l_34.png,1
train/l_35.png,0
train/l_36.png,0
train/l_37.png,0
train/l_38.png,0
train/l_39.png,0
train/l_40.png,0
train/l_41.png,0
train/l_42.png,0
train/l_43.png,0
train/l_44.png,0
train/l_45.png,0
train/l_46.png,0
train/l_47.png,0
train/l_48.png,0
train/l_49.png,0
train/l_50.png,0
train/l_51.png,0
train/l_52.png,0
train/l_53.png,0
train/l_54.png,0
train/l_55.png,1
train/l_56.png,0
train/l_57.png,0
train/l_58.png,0
train/l_59.png,0
train/l_60.png,0
train/l_61.png,0
train/l_62.png,0
train/l_63.png,0
train/l_64.png,0
train/l_65.png,0
train/l_66.png,0
train/l_67.png,0
train/l_68.png,0
train/l_69.png,0
train/l_70.png,0
train/l_71.png,0
train/l_72.png,0
train/l_73.png,0
train/l_74.png,0
train/l_75.png,0
train/l_76.png,0
train/l_77.png,0
train/l_78.png,0
train/l_79.png,0
train/l_80.png,0
train/l_81.png,0
train/l_82.png,0
train/l_83.png,0
train/l_84.png,0
train/l_85.png,1
train/l_86.png,0
train/l_87.png,0
train/l_88.png,0
train/l_89.png,0
train/l_90.png,0
train/l_91.png,0
train/l_92.png,0
train/l_93.png,0
train/l_94.png,1
train/l_95.png,0
train/l_96.png,0
train/l_97.png,0
train/l_98.png,0
train/l_99.png,0
train/l_100.png,0
train/l_101.png,0
train/l_102.png,0
train/l_103.png,0
train/l_104.png,0
train/l_105.png,0
train/l_106.png,0
train/l_107.png,0
train/l_108.png,0
train/l_109.png,0
train/l_110.png,0
train/l_111.png,0
train/l_112.png,0
train/l_113.png,0
train/l_114.png,0
train/l_115.png,0
train/l_116.png,0
train/l_117.png,0
train/l_118.png,1
train/l_119.png,0
train/l_120.png,0
train/l_121.png,0
train/l_122.png,0
train/l_123.png,0
train/l_124.png,0
train/l_125.png,0
train/l_126.png,1
train/l_127.png,1
train/l_128.png,1
train/l_129.png,1
train/l_130.png,0
train/l_131.png,0
train/l_132.png,0
train/l_133.png,0
train/l_134.png,0
train/l_135.png,1
train/l_136.png,0
train/l_137.png,0
train/l_138.png,0
train/l_139.png,0
train/l_140.png,0
train/l_141.png,0
train/l_142.png,0
train/l_143.png,0
train/l_144.png,0
train/l_145.png,0
train/l_146.png,0
train/l_147.png,0
train/l_148.png,0
train/l_149.png,0
train/l_150.png,0
train/l_151.png,0
train/l_152.png,0
train/l_153.png,0
train/l_154.png,0
train/l_155.png,0
train/l_156.png,0
train/l_157.png,0
train/l_158.png,0
train/l_159.png,0
train/l_160.png,0
train/l_161.png,0
train/l_162.png,0
train/l_163.png,0
train/l_164.png,0
train/l_165.png,0
train/l_166.png,0
train/l_167.png,0
train/l_168.png,0
train/l_169.png,0
train/l_170.png,0
train/l_171.png,0
train/l_172.png,0
train/l_173.png,0
train/l_174.png,0
train/l_175.png,0
train/l_176.png,0
train/l_177.png,0
train/l_178.png,0
train/l_179.png,0
train/l_180.png,0
train/l_181.png,0
train/l_182.png,0
train/l_183.png,0
train/l_184.png,0
train/l_185.png,0
train/l_186.png,0
train/l_187.png,0
train/l_188.png,0
train/l_189.png,1
train/l_190.png,0
train/l_191.png,0
train/l_192.png,1
train/l_193.png,0
train/l_194.png,0
train/l_195.png,1
train/l_196.png,1
train/l_197.png,0
train/l_198.png,1
train/l_199.png,0
